產業類別,公司代號,公司名稱,員工薪資總額(仟元),員工人數-加權平均(人),員工薪資-平均數(仟元/人),每股盈餘(元/股),同業公司員工薪資-平均數(仟元/人),同業公司平均每股盈餘(元/股),非經理人之全時員工薪資平均數未達50萬元,公司EPS獲利表現較同業為佳，惟非經理人之全時員工薪資平均數低於同業水準,公司EPS較前一年度成長，惟非經理人之全時員工薪資平均數較前一年度減少,公司經營績效與員工薪酬之關聯性及合理性說明
半導體業,2454,聯發科,"16,650,764","6,155","2,705",13.26,"1,228",7.24,,,,
半導體業,3034,聯詠,"5,133,164","2,019","2,542",10.5,"1,228",7.24,,,,
其他電子業,2354,鴻準,"393,140",160,"2,457",6.47,"1,179",7.41,,,,
其他電子業,2317,鴻海,"9,393,585","4,166","2,255",8.03,"1,179",7.41,,,,
半導體業,3443,創意電子,"1,129,362",513,"2,201",7.37,"1,228",7.24,,,,
半導體業,2330,台積電,"85,597,728","42,605","2,009",13.54,"1,228",7.24,,,,
汽車工業,2207,和泰汽車,"1,028,591",516,"1,993",18.36,707,5.02,,,,
半導體業,2379,瑞昱,"6,688,866","3,356","1,993",8.57,"1,228",7.24,,,,
半導體業,5269,祥碩科技,"382,550",208,"1,839",15.93,"1,228",7.24,,,,
半導體業,3006,晶豪科技,"737,149",401,"1,838",2.52,"1,228",7.24,,,,
半導體業,8016,矽創電子,"654,882",364,"1,799",7.03,"1,228",7.24,,,,
半導體業,2408,南亞科,"4,966,035","2,769","1,793",12.8,"1,228",7.24,,,,
半導體業,4952,凌通科技,"385,026",219,"1,758",2.61,"1,228",7.24,,,,
半導體業,2344,華邦電,"4,614,619","2,631","1,754",1.87,"1,228",7.24,,,,
半導體業,3014,聯陽,"719,990",414,"1,739",3.08,"1,228",7.24,,,,
半導體業,3530,晶相光,"77,930",46,"1,694",2.17,"1,228",7.24,,,,
鋼鐵工業,2002,中鋼,"16,994,213","10,287","1,652",1.58,"1,115",1.57,,,,
半導體業,3041,揚智,"365,956",223,"1,641",-2.58,"1,228",7.24,,,,
塑膠工業,1310,台苯,"313,193",191,"1,640",2.3,"1,249",5.5,,,,
半導體業,3035,智原,"938,275",574,"1,635",1.06,"1,228",7.24,,,,
半導體業,3545,敦泰,"587,040",362,"1,622",-8.66,"1,228",7.24,,,,
電腦及週邊設備業,3005,神基科技,"810,765",505,"1,605",3.83,"1,200",2.73,,,,
電腦及週邊設備業,2353,宏碁,"2,463,666","1,536","1,604",1.01,"1,200",2.73,,,,
半導體業,8081,致新,"495,118",310,"1,597",5.53,"1,228",7.24,,,,
半導體業,6531,愛普,"178,181",112,"1,591",1.55,"1,228",7.24,,,,
半導體業,2458,義隆,"1,368,397",881,"1,553",4.16,"1,228",7.24,,,,
航運業,2610,華航,"16,636,506","10,822","1,537",0.33,"1,149",0.62,,,,
光電業,3563,牧德,"278,968",183,"1,524",30.43,816,1.04,,,,
航運業,2618,長榮航空,"12,761,648","8,393","1,521",1.5,"1,149",0.62,,,,
光電業,5234,達興材料,"487,852",321,"1,520",6.38,816,1.04,,,,
電腦及週邊設備業,8163,達方電子,"1,021,569",682,"1,498",5.43,"1,200",2.73,,,,
電腦及週邊設備業,2382,廣達,"8,464,082","5,660","1,495",3.92,"1,200",2.73,,,,
電子零組件業,2328,廣宇,"77,692",52,"1,494",2.29,785,5.37,,,,
通信網路業,2412,中華電,"32,824,350","21,981","1,493",4.58,"1,123",2.93,,,,
電子零組件業,2385,群光電子,"970,198",652,"1,488",5.22,785,5.37,,,,
電子零組件業,2308,台達電,"9,890,689","6,662","1,485",7,785,5.37,,,,
通信網路業,3596,智易科技,"822,140",555,"1,481",4.61,"1,123",2.93,,,,
塑膠工業,1312,國喬石化,"534,751",367,"1,457",3.26,"1,249",5.5,,,,
建材營造,5525,順天建設,"64,094",44,"1,457",4.31,783,1.81,,,,
金融保險業,2820,華票,"186,180",128,"1,455",0.99,"1,155",1.65,,,,
半導體業,2337,旺宏,"5,504,926","3,802","1,448",4.94,"1,228",7.24,,,,
半導體業,6202,盛群,"512,515",354,"1,448",4.7,"1,228",7.24,,,,
電子零組件業,8213,志超,"536,268",372,"1,442",4.38,785,5.37,,,,
金融保險業,2886,兆豐金,"10,098,679","7,008","1,441",2.07,"1,155",1.65,,,,
半導體業,2401,凌陽科技,"377,426",264,"1,430",0.01,"1,228",7.24,,,,
電子零組件業,4915,致伸,"1,170,740",820,"1,428",4.12,785,5.37,,,,
其他,2348,海悅,"108,299",76,"1,425",5.39,780,3.69,,,,
其他,9930,中聯資源,"328,759",231,"1,423",3.36,780,3.69,,,,
油電燃氣業,6505,台塑石化,"7,312,109","5,166","1,415",6.31,"1,170",5.48,,,,
半導體業,4961,天鈺,"509,188",361,"1,410",2.43,"1,228",7.24,,,,
塑膠工業,1301,台塑,"8,425,615","5,991","1,406",7.78,"1,249",5.5,,,,
電子零組件業,8249,菱光科技,"96,259",69,"1,395",1.62,785,5.37,,,,
電腦及週邊設備業,2377,微星科技,"2,984,060","2,147","1,390",7.15,"1,200",2.73,,,,
塑膠工業,1326,台化,"6,770,616","4,890","1,385",8.36,"1,249",5.5,,,,
電腦及週邊設備業,2352,佳世達,"2,164,452","1,568","1,380",2.05,"1,200",2.73,,,,
金融保險業,2891,中信金,"16,344,030","11,853","1,379",1.85,"1,155",1.65,,,,
半導體業,2388,威盛電子,"624,138",453,"1,378",0.14,"1,228",7.24,,,,
半導體業,5471,松翰科技,"440,815",320,"1,378",2.02,"1,228",7.24,,,,
航運業,2605,新興,"52,083",38,"1,371",0.11,"1,149",0.62,,,,
其他電子業,2404,漢唐,"831,465",610,"1,363",9.42,"1,179",7.41,,,,
電子通路業,3055,蔚華科技,"148,364",109,"1,361",0.85,900,3.73,,,,
電腦及週邊設備業,2357,華碩,"8,033,555","5,908","1,360",5.7,"1,200",2.73,,,,
食品工業,1232,大統益,"189,839",140,"1,356",5.67,776,2.53,,,,
化學工業,1723,中碳,"306,981",227,"1,352",6.5,795,1.75,,,,
塑膠工業,1303,南亞塑膠,"15,675,261","11,672","1,343",6.65,"1,249",5.5,,,,
橡膠工業,2108,南帝化工,"382,386",285,"1,342",3.12,632,1.17,,,,
半導體業,3588,通嘉,"177,701",133,"1,336",0.8,"1,228",7.24,,,,
金融保險業,5880,合庫金,"10,584,686","7,929","1,335",1.24,"1,155",1.65,,,,本公司依據公司章程第三十五條之一規定，按當年度獲利狀況提撥萬分之一至萬分之八為員工酬勞，及訂定「經營績效獎金及員工酬勞提撥準則」，將經營績效與成果，反映於員工薪酬中。
電子通路業,8112,至上電子,"158,775",119,"1,334",3.85,900,3.73,,,,
半導體業,6533,晶心科,"188,566",142,"1,328",0.97,"1,228",7.24,,,,
金融保險業,2834,臺灣企銀,"6,165,749","4,664","1,322",1.19,"1,155",1.65,,,,
電子零組件業,6412,群光電能,"847,438",641,"1,322",2.72,785,5.37,,,,
其他,8464,億豐,"243,076",185,"1,314",12.39,780,3.69,,,,
光電業,3008,大立光,"7,718,049","5,912","1,305",181.67,816,1.04,,,,非擔任主管職務之全時員工薪資-平均數 (不含外籍勞工):1702仟元/人
電子通路業,3010,華立,"489,307",378,"1,294",5.82,900,3.73,,,,
電子通路業,8070,長華電材,"96,814",75,"1,291",13.47,900,3.73,,,,
電腦及週邊設備業,2301,光寶科技,"5,564,514","4,315","1,290",3.42,"1,200",2.73,,,,
鋼鐵工業,2027,大成鋼,"1,178,163",921,"1,279",5.83,"1,115",1.57,,,,
金融保險業,2801,彰化銀行,"7,655,840","5,988","1,279",1.29,"1,155",1.65,,,,
化學工業,1722,台肥,"848,683",665,"1,276",2.33,795,1.75,,,,
汽車工業,2227,裕隆日產,"503,747",396,"1,272",19.63,707,5.02,,,,
電腦及週邊設備業,2324,仁寶電腦,"7,854,660","6,210","1,265",2.05,"1,200",2.73,,,,
半導體業,4968,立積,"238,850",189,"1,264",2.93,"1,228",7.24,,,,
航運業,2606,裕民,"271,945",216,"1,259",1.97,"1,149",0.62,,,,本公司授權董事會參酌國內外散裝航運同業與上市公司之水準，制定酬金評核程序；每年度依公司之經營績效規劃年度調薪預算，並依公司章程所訂比例配發員工酬勞，故員工獎酬與公司經營績效及風險控管呈高度關聯性。
金融保險業,2881,富邦金,"17,387,197","13,890","1,252",4.52,"1,155",1.65,,,,
其他電子業,6409,旭隼,"90,008",72,"1,250",23.18,"1,179",7.41,,,,
電子通路業,3702,大聯大,"1,157,897",927,"1,249",4.22,900,3.73,,,,
電子通路業,5434,崇越科技,"543,251",437,"1,243",7.73,900,3.73,,,,落實經營，共享成果是我們對員工的基本承諾，當營收及獲利成長時，公司會將經營績效回饋與員工，因此獲利與員工酬勞會呈現正成長趨勢。
金融保險業,2892,第一金控,"9,366,371","7,585","1,235",1.4,"1,155",1.65,,,,
光電業,3059,華晶科技,"202,253",164,"1,233",0.48,816,1.04,,,,
金融保險業,6024,群益期,"248,959",202,"1,232",4.73,"1,155",1.65,,,,
金融保險業,2880,華南金,"10,928,695","8,876","1,231",1.27,"1,155",1.65,,,,
水泥工業,1102,亞泥,"574,213",467,"1,230",3.54,862,3.29,,,,
金融保險業,2882,國泰金,"24,227,418","19,710","1,229",3.95,"1,155",1.65,,,,
半導體業,4919,新唐科技,"1,650,980","1,345","1,227",3.42,"1,228",7.24,,,,
電腦及週邊設備業,3231,緯創,"8,351,906","6,862","1,217",1.76,"1,200",2.73,,,,
建材營造,2509,全坤建,"48,645",40,"1,216",5.7,783,1.81,,,,
金融保險業,2897,王道銀行,"884,140",729,"1,213",0.4,"1,155",1.65,,,,
電子通路業,3036,文曄科技,"778,989",642,"1,213",5.02,900,3.73,,,,
電腦及週邊設備業,4938,和碩,"8,455,509","6,987","1,210",4.25,"1,200",2.73,,,,
半導體業,2303,聯電,"16,710,500","13,829","1,208",0.58,"1,228",7.24,,,,
油電燃氣業,8926,台汽電,"129,913",108,"1,203",1.14,"1,170",5.48,,,,
半導體業,2363,矽統科技,"207,884",173,"1,202",-0.32,"1,228",7.24,,,,
水泥工業,1103,嘉泥,"75,334",63,"1,196",1.09,862,3.29,,,,
建材營造,2540,愛山林,"125,446",105,"1,195",1.26,783,1.81,,,,
電腦及週邊設備業,8210,勤誠興業,"198,200",166,"1,194",5.37,"1,200",2.73,,V,,本公司落實薪酬與績效連結性，薪資及獎金報酬皆有持續購買外部薪資調查報告，參考業界資訊，以確保員工整體經常性報酬在相關業界水平之上；並供優渥的福利制度，以照顧及回饋員工。
資訊服務業,5203,訊連,"366,892",312,"1,176",3.88,879,2.13,,,,
電腦及週邊設備業,6277,宏正科,"710,379",605,"1,174",13.19,"1,200",2.73,,V,,"107年EPS13.19元含業外收入.產品在台生產,此平均薪資含作業員.排除作業員,非主管職務之員工平均年薪為1317仟元,優於同業平均.公司為臺灣高薪100指數之成分股,向來注重員工薪酬,獲利回饋員工"
金融保險業,2845,遠東商銀,"2,497,959","2,138","1,168",1.08,"1,155",1.65,,,,
電子零組件業,3533,嘉澤端子,"93,427",80,"1,168",17.21,785,5.37,,,,
其他電子業,2464,盟立,"1,118,297",959,"1,166",4.88,"1,179",7.41,,,,
紡織纖維,1477,聚陽實業,"854,452",734,"1,164",7.2,637,1.5,,,,
建材營造,5522,遠雄建設,"126,794",109,"1,163",2.42,783,1.81,,,,
油電燃氣業,9926,新海瓦斯,"190,336",164,"1,161",1.82,"1,170",5.48,,,,
食品工業,1216,統一,"6,137,260","5,291","1,160",3.07,776,2.53,,,,
其他電子業,2312,金寶電子,"500,195",433,"1,155",0.41,"1,179",7.41,,,,
電腦及週邊設備業,2376,技嘉,"2,800,159","2,428","1,153",4.04,"1,200",2.73,,V,,公司章程規定年度獲利應提撥百分之三至十員工酬勞，本公司業依章程規定於107年度提撥10%員工酬勞。台灣為本公司主要製造生產中心，相較同業本公司基層產線人員比率為高。綜上，薪資平均數未與同業產生重大差異。
航運業,2612,中航,"52,939",46,"1,151",2.6,"1,149",0.62,,,,
其他電子業,3030,德律科技,"472,900",411,"1,151",4.51,"1,179",7.41,,,,
電腦及週邊設備業,3706,神達,"1,196,925","1,044","1,146",3.58,"1,200",2.73,,V,,本公司全時員工薪資中之績效獎金提撥主要係依據該年度之營業相關利益，不包含與公司業內經營績效關聯性較低之營業外損益。
半導體業,6243,迅杰,"67,587",59,"1,146",-0.8,"1,228",7.24,,,,
建材營造,2501,國建,"140,672",123,"1,144",3.11,783,1.81,,,,
電子零組件業,6191,精成科技,"107,468",94,"1,143",1.1,785,5.37,,,,
金融保險業,2851,中再保,"132,396",116,"1,141",1.78,"1,155",1.65,,V,,"本公司所申報之員工薪資平均數並未包括職工福利委員會發放給員工之各項津貼及補助。若加計前述金額後所得出之非擔任主管職務之全時員工薪資平均數應為1,166仟元，並未低於同業水準。"
金融保險業,2836,高銀,"1,048,139",921,"1,138",0.46,"1,155",1.65,,,,
建材營造,2841,台灣土地,"71,696",63,"1,138",0.54,783,1.81,,,,
電腦及週邊設備業,2362,藍天,"530,903",467,"1,137",2.32,"1,200",2.73,,,,
金融保險業,2887,台新金控,"8,216,403","7,238","1,135",1.09,"1,155",1.65,,,,
通信網路業,2345,智邦科技,"1,512,403","1,335","1,133",5.33,"1,123",2.93,,,,
建材營造,2536,宏普建設,"25,855",23,"1,124",1.34,783,1.81,,,,
半導體業,3094,聯傑國際,"80,862",72,"1,123",0.44,"1,228",7.24,,,,
化學工業,1709,和益化工,"256,396",229,"1,120",0.77,795,1.75,,,,
航運業,2615,萬海,"1,107,740",989,"1,120",0.5,"1,149",0.62,,,,
通信網路業,2419,仲琦,"208,090",186,"1,119",0.81,"1,123",2.93,,,,
半導體業,3413,京鼎,"353,089",316,"1,117",14.06,"1,228",7.24,,V,,1.公司獲利表現較佳係因2017-2018年景氣循環所致，使得公司營收業績成長，故導致本公司獲利提升，並非有常續性之業務擴展。2.公司已依照本年度之獲利狀況，提高員工酬勞之估列，但因上述1.之原因，未做薪資之調升。
其他,9910,豐泰企業,"2,694,614","2,425","1,111",7.88,780,3.69,,,,
半導體業,3532,台勝科,"1,437,350","1,295","1,110",9.41,"1,228",7.24,,V,,本公司基於穩健原則，員工薪資任用、調薪及年終獎金皆比照台塑企業，其中任用薪資及年終獎金計算已具備完整辦法可依據，調薪係考量公司整體經營狀況決定。
金融保險業,5876,上海商銀,"2,510,536","2,266","1,108",3.37,"1,155",1.65,,V,,EPS表現較佳係包含相當比重之海外投資收益。99至107年每年採全行調薪，近五年每年平均調幅為3.2%～3.6%，「員工薪資平均數」略低於同業，除進用基層同仁致降低平均數外，該等人員部分獎酬並未列入該年度範疇。
電腦及週邊設備業,3515,華擎,"353,262",319,"1,107",4.91,"1,200",2.73,,V,,"1以EPS比較,易受股本影響,公司股本12.07億,明顯小於同業,雖EPS較高,但以獲利絕對金額相比,公司則可能低於同業。2多數同業基層人員較大比例在大陸等生產基地,而本公司則無。3本公司另有以限制型股票發給員工做為獎酬"
電子通路業,3033,威健,"467,648",423,"1,106",1.83,900,3.73,,,,
電腦及週邊設備業,2356,英業達,"4,464,904","4,053","1,102",1.81,"1,200",2.73,,,,
電腦及週邊設備業,6414,樺漢科技,"186,745",170,"1,099",14.45,"1,200",2.73,,V,,樺漢薪酬政策會衡量市場的薪資水準、物價指數及本體經營績效，對同仁薪資做出適當的調整。另依公司營運狀況及個人績效表現，發放績效獎金及員工酬勞，以獎勵員工的貢獻與努力。
化學工業,1710,東聯,"384,264",351,"1,095",2.01,795,1.75,,,,
其他,9933,中鼎工程,"3,436,179","3,150","1,091",2.4,780,3.69,,,,
塑膠工業,1313,聯成,"224,924",207,"1,087",0.59,"1,249",5.5,,,,
光電業,2489,瑞軒,"297,085",275,"1,080",0.19,816,1.04,,,,
金融保險業,2890,永豐金控,"7,007,897","6,490","1,080",0.84,"1,155",1.65,,,,
電子零組件業,2467,志聖工業,"350,219",325,"1,078",3.73,785,5.37,,,,
金融保險業,2885,元大金,"9,823,691","9,128","1,076",1.59,"1,155",1.65,,,,
半導體業,3257,虹冠電,"69,926",65,"1,076",1.63,"1,228",7.24,,,,
電子通路業,3048,益登,"352,657",328,"1,075",1.09,900,3.73,,,,
金融保險業,2812,台中銀行,"2,163,384","2,014","1,074",1.18,"1,155",1.65,,,,
通信網路業,6285,啟碁科技,"2,917,161","2,730","1,069",5.21,"1,123",2.93,,V,,1.通信網路業中，公司行業存有差異 (如服務業或製造業等)，故各公司之薪資結構比較基礎不盡相同。2.啟碁係一製造公司，且產品在台製造比重高，故工廠直接人員數多，進而影響整體非主管職員工之年度薪資數。
建材營造,2538,基泰建設,"7,474",7,"1,068",0.1,783,1.81,,,,
電子零組件業,3032,偉訓科技,"114,323",107,"1,068",3.7,785,5.37,,,,
塑膠工業,1314,中石化,"1,252,121","1,174","1,067",1.59,"1,249",5.5,,,,
資訊服務業,6183,關貿,"467,531",440,"1,063",1.87,879,2.13,,,,
半導體業,2436,偉詮電,"284,738",268,"1,062",0.86,"1,228",7.24,,,,
航運業,2603,長榮海運,"1,571,064","1,483","1,059",0.07,"1,149",0.62,,,,
航運業,2634,漢翔公司,"5,380,142","5,087","1,058",2.22,"1,149",0.62,,V,,漢翔公司股本相對同業為小，在穩定獲利下EPS相對同業高；且近年因應退休潮經驗傳承需求，大量進用新進人力，致人員平均薪資降低。
電子通路業,6189,豐藝電子,"175,527",166,"1,057",2.92,900,3.73,,,,
電子零組件業,1582,信錦,"174,080",165,"1,055",5.88,785,5.37,,,,
其他電子業,6196,帆宣科技,"781,386",741,"1,055",4.4,"1,179",7.41,,,,
汽車工業,2204,中華汽車,"2,165,096","2,057","1,053",2.64,707,5.02,,,,
資訊服務業,3130,一零四,"664,766",633,"1,050",8.51,879,2.13,,,,
建材營造,2542,興富發,"216,216",207,"1,045",6.01,783,1.81,,,,
其他電子業,3617,碩天科技,"275,498",264,"1,044",7.22,"1,179",7.41,,,,
化學工業,1773,勝一化工,"294,361",283,"1,040",6.2,795,1.75,,,,
通信網路業,3045,台灣大,"3,848,365","3,703","1,039",5.01,"1,123",2.93,,V,,本公司每年會依照營運目標達成率核定年終獎金、員工酬勞與年度調薪率，以獎勵同仁之貢獻，員工之獎酬在業界具競爭力。相較於同業，本公司員工之年資與年齡較輕，這是影響人事費用多寡原因之一。
鋼鐵工業,2013,中鋼構,"462,760",447,"1,035",0.61,"1,115",1.57,,,,
塑膠工業,1305,華夏,"740,492",717,"1,033",2.52,"1,249",5.5,,,,公司每年均視營運獲利情形，考量調升員工薪資及發放年終獎金。
塑膠工業,1308,亞聚,"235,573",228,"1,033",0.52,"1,249",5.5,,,,
電腦及週邊設備業,2417,圓剛,"173,450",168,"1,032",0.03,"1,200",2.73,,,,
建材營造,1808,潤隆,"106,122",103,"1,030",8.11,783,1.81,,,,
金融保險業,2850,新產,"1,729,179","1,684","1,027",5.6,"1,155",1.65,,V,,因產險業需考量重大巨災應變，基於企業風險管控、平衡未來股利政策，薪資調整係依據長期營運績效與貢獻衡量。未來本公司仍秉持企業永續經營精神，將經營績效回饋股東與員工，並提升員工福祉。
建材營造,2535,達工,"503,329",491,"1,025",2.29,783,1.81,,,,
通信網路業,2332,友訊科技,"605,037",591,"1,024",0.16,"1,123",2.93,,,,
建材營造,3266,昇陽建設,"63,425",62,"1,023",0.3,783,1.81,,,,
金融保險業,2852,第一保,"818,352",801,"1,022",1.63,"1,155",1.65,,,,
塑膠工業,1304,台聚,"471,339",462,"1,020",0.5,"1,249",5.5,,,,公司員工的薪酬包含按月發給之薪資、結算生產績效發給之獎金，以及分派每一年度盈餘所發放之員工酬勞。依據營運成果並參考國內業界發放水平，決定員工獎金分配方式；每位員工獲派的金額，依貢獻、績效表現而定。
鋼鐵工業,2015,豐興鋼鐵,"839,619",824,"1,019",5.06,"1,115",1.57,,V,,"本公司107年每股盈餘(元)5.06元較106年4.69增加，107年非擔任主管職務之全時員工薪資-平均數1,019(仟元/人)較106年958(仟元/人)增加，員工薪酬與公司經營績效成正比。"
紡織纖維,1416,廣豐,"11,212",11,"1,019",1.35,637,1.5,,,,
電子零組件業,2392,正崴,"757,770",744,"1,019",1.2,785,5.37,,,,
資訊服務業,2471,資通,"263,458",259,"1,017",1.21,879,2.13,,,,
航運業,2208,台船公司,"2,930,902","2,886","1,016",-8.87,"1,149",0.62,,,,
塑膠工業,1309,台達化工,"414,307",408,"1,015",0.63,"1,249",5.5,,,,依公司經營績效及個人績效發放獎金及調整薪資。
汽車工業,2201,裕隆汽車,"1,091,893","1,086","1,005",1.39,707,5.02,,,,
貿易百貨,2614,東森,"250,725",250,"1,003",1.74,788,3.29,,,,
通信網路業,3704,合勤控,"1,682,526","1,677","1,003",-1.38,"1,123",2.93,,,,
金融保險業,2884,玉山金控,"7,618,090","7,604","1,002",1.58,"1,155",1.65,,,,
半導體業,8261,富鼎,"120,270",120,"1,002",2.04,"1,228",7.24,,,,
電腦及週邊設備業,2395,研華,"2,907,564","2,905","1,001",9.02,"1,200",2.73,,V,,"本公司薪酬結構除本薪,另有績效獎金、員工分紅及發行員工股票選擇權,將公司經營績效與員工薪酬緊密連結. 本公司在臺灣設有生產基地,占全球產能一半,共有2,913位員工,其中38%服務於製造體系,反映於公司平均薪資上."
電子零組件業,4989,榮科,"208,298",208,"1,001",1.88,785,5.37,,,,
光電業,6120,達運,"931,937",931,"1,001",0.48,816,1.04,,,,
電腦及週邊設備業,3057,喬鼎資訊,"258,928",259,"1,000",-0.4,"1,200",2.73,,,,
油電燃氣業,9908,大台北,"259,233",260,997,1.32,"1,170",5.48,,,,
其他電子業,6283,淳安電子,"44,814",45,996,0.19,"1,179",7.41,,,,
其他,9941,裕融企業,"535,640",538,996,9.27,780,3.69,,,,
鋼鐵工業,2029,盛餘,"546,759",550,994,0.33,"1,115",1.57,,,,
航運業,2609,陽明海運,"1,471,529","1,480",994,-2.53,"1,149",0.62,,,,
電子零組件業,2415,錩新,"20,699",21,986,1.26,785,5.37,,,,
油電燃氣業,9918,欣天然,"168,663",171,986,1.27,"1,170",5.48,,,,
通信網路業,3311,閎暉,"142,623",145,984,-0.19,"1,123",2.93,,,,
電子零組件業,6449,鈺邦科技,"67,916",69,984,2.24,785,5.37,,,,
通信網路業,2314,台揚科技,"346,042",352,983,0.23,"1,123",2.93,,,,
建材營造,2520,冠德,"72,711",74,983,1.03,783,1.81,,,,
其他電子業,6192,巨路國際,"362,547",369,983,6.95,"1,179",7.41,,,,
光電業,3454,晶睿,"597,215",609,981,3.92,816,1.04,,,,
通信網路業,6674,鋐寶科技,"116,660",119,980,3.02,"1,123",2.93,,V,,"員工薪酬除衡量公司經營績效(如每股盈餘外),亦須配合內部整體經營目標及其員工績效表現,而本公司於107年底方上市掛牌,其薪酬結構尚待調整中。"
通信網路業,6152,百一電子,"189,172",193,980,-3.54,"1,123",2.93,,,,
鋼鐵工業,2014,中鴻,"1,102,575","1,126",979,2.11,"1,115",1.57,,V,,因本公司107年尚有累積虧損待彌補，故員工酬勞並非以全部盈餘計算，以致全時員工薪資平均數低於同業水準。
光電業,2409,友達,"22,758,055","23,247",979,1.06,816,1.04,,,,
金融保險業,2883,開發金,"6,217,584","6,366",977,0.54,"1,155",1.65,,,,
通信網路業,3062,建漢科技,"196,182",201,976,0.51,"1,123",2.93,,,,
橡膠工業,2103,台橡,"623,799",642,972,1.44,632,1.17,,,,
其他,9940,信義房屋,"3,493,987","3,613",967,2.04,780,3.69,,,,
紡織纖維,1439,中和羊毛,"11,594",12,966,-0.75,637,1.5,,,,
電機機械,1507,永大機電,"1,619,324","1,677",966,1.65,743,1.51,,,,
通信網路業,6216,居易,"187,297",194,965,2.28,"1,123",2.93,,,,
水泥工業,1101,台泥,"795,066",826,963,4.37,862,3.29,,,,
電腦及週邊設備業,3046,建碁,"93,405",97,963,-0.19,"1,200",2.73,,,,
金融保險業,2888,新光金,"13,819,082","14,398",960,0.89,"1,155",1.65,,,,
電腦及週邊設備業,6166,凌華科技,"973,616","1,014",960,1.12,"1,200",2.73,,,,
金融保險業,2816,旺旺保險,"949,957",994,956,2.84,"1,155",1.65,,V,,"1.員工薪酬除固定薪資,另依年度經營績效及個人績效核發年終獎金與員工酬勞。2.依本公司章程第35條之1規定,年度如有獲利,應提撥1%-5%為員工酬勞。本公司依章程規定經董事會討論提撥107年度稅後盈餘1.4%為員工酬勞。"
光電業,2374,佳能,"585,491",613,955,-1.64,816,1.04,,,,
電機機械,1503,士電,"1,776,601","1,862",954,2.72,743,1.51,,,,
汽車工業,3346,麗清,"39,098",41,954,3.02,707,5.02,,,,
貿易百貨,2912,統一超,"5,244,690","5,506",953,9.82,788,3.29,,,,
通信網路業,3694,海華科技,"155,310",163,953,-0.81,"1,123",2.93,,,,
其他,8341,日友,"244,449",257,951,7.38,780,3.69,,,,
光電業,8215,明基材料,"1,220,366","1,284",950,1.02,816,1.04,,,,
紡織纖維,4414,如興,"69,175",73,948,-1.82,637,1.5,,,,
其他電子業,2360,致茂電子,"1,501,053","1,586",946,6.22,"1,179",7.41,,,,
建材營造,5515,建國工程,"227,732",241,945,0.62,783,1.81,,,,
其他電子業,6558,興能高,"49,160",52,945,2.17,"1,179",7.41,,,,
資訊服務業,2480,敦陽科技,"404,094",428,944,3.8,879,2.13,,,,
電子零組件業,2492,華新科,"2,010,105","2,130",944,40.75,785,5.37,,,,
其他電子業,2423,固緯,"337,065",358,942,2.37,"1,179",7.41,,,,
建材營造,2530,華建,"24,496",26,942,0.1,783,1.81,,,,
金融保險業,2832,台產,"740,884",788,940,1.55,"1,155",1.65,,,,
電腦及週邊設備業,2442,新美齊,"36,503",39,936,3.46,"1,200",2.73,,V,,1.108年度調薪作業已完成，依同仁貢獻度、績效表現為參考方向。今年調薪人數比率達63%，調幅約3%。2.年終獎金、員工酬勞則依同仁貢獻度、績效表現呈差異化分配方式。
電子零組件業,3550,聯穎,"37,450",40,936,1.37,785,5.37,,,,
資訊服務業,6112,聚碩,"254,891",273,934,2.86,879,2.13,,,,
通信網路業,5388,中磊電子,"962,096","1,032",932,3.32,"1,123",2.93,,V,,本公司經營績效良好並重視員工，長期持續評估市場薪酬水位以確保員工薪資之競爭力。且本公司因美中貿易戰，於107年開始大規模產量回流台灣，台灣廠之產能倍增，廠區員工作機會亦隨之增加。
電器電纜,1605,華新,"2,210,749","2,375",931,3.53,711,1.96,,,,
電子通路業,3528,安馳科技,"115,405",124,931,2.71,900,3.73,,,,
貿易百貨,2908,特力,"304,960",328,930,0.8,788,3.29,,,,
建材營造,2548,華固建設,"50,164",54,929,3.12,783,1.81,,,,
生技醫療業,4164,承業醫,"102,239",110,929,2.32,674,1.42,,,,
電子通路業,2459,敦吉,"62,084",67,927,4.03,900,3.73,,,,
通信網路業,8101,華冠通訊,"337,679",365,925,-3.41,"1,123",2.93,,,,
金融保險業,2889,國票金控,"1,129,559","1,225",922,0.72,"1,155",1.65,,,,
通信網路業,3380,明泰科技,"1,027,165","1,114",922,-0.17,"1,123",2.93,,,,
資訊服務業,3029,零壹科技,"160,861",175,919,2.06,879,2.13,,,,
紡織纖維,1402,遠東新,"4,261,245","4,649",917,2.41,637,1.5,,,,
電腦及週邊設備業,2331,精英,"733,433",800,917,0.04,"1,200",2.73,,,,
金融保險業,2855,統一證券,"1,274,687","1,390",917,0.87,"1,155",1.65,,,,
通信網路業,2439,美律,"655,629",716,916,10.47,"1,123",2.93,,V,,因每間公司的產業型態不同(本公司非屬電信業者)、服務客戶、產品、相關技術不盡相同，實際營運與組織功能(本公司非屬品牌公司)有落差，獲利情形及股本不盡相同，經試算本公司平均薪資占整體獲利與同業差異不大。
通信網路業,3025,星通,"123,530",135,915,0.02,"1,123",2.93,,,,
食品工業,1737,臺鹽,"416,920",457,912,2.26,776,2.53,,,,
通信網路業,3047,訊舟科技,"286,974",315,911,-0.15,"1,123",2.93,,,,
建材營造,5534,長虹,"30,973",34,911,14.34,783,1.81,,,,
其他電子業,6139,亞翔工程,"316,238",348,909,2.41,"1,179",7.41,,,,
資訊服務業,6214,精誠資訊,"1,389,500","1,528",909,4.27,879,2.13,,,,
生技醫療業,4119,旭富製藥,"213,634",236,905,5.63,674,1.42,,,,
建材營造,2545,皇翔,"32,360",36,899,2.59,783,1.81,,,,
電機機械,2049,上銀科技,"4,415,411","4,920",897,18.44,743,1.51,,,,
半導體業,3016,嘉晶,"542,484",605,897,1.57,"1,228",7.24,,,,
電子通路業,3209,全科,"183,297",205,894,1.25,900,3.73,,,,
通信網路業,4906,正文,"717,110",803,893,-0.07,"1,123",2.93,,,,
建材營造,2547,日勝,"91,762",103,891,3.77,783,1.81,,,,
化學工業,4764,雙鍵,"66,813",75,891,8.06,795,1.75,,,,
航運業,2633,台灣高鐵,"3,865,345","4,355",888,1.9,"1,149",0.62,,V,,本公司每年視經營成果發放年終與績效獎金，並已連續四年調薪，較諸人力結構、職務特性與一般市場薪酬行情，已具足夠競爭力。另於產業特性、經營區域及獎酬政策等與航運業相較皆非公允，薪資水準難有客觀一致標準。
其他,8481,政伸,"211,212",238,887,3.35,780,3.69,,,,
電腦及週邊設備業,3002,歐格電子,"26,563",30,885,-0.28,"1,200",2.73,,,,
半導體業,8271,宇瞻科技,"404,163",459,881,3.56,"1,228",7.24,,,,
電腦及週邊設備業,6579,研揚科技,"394,892",450,878,6.86,"1,200",2.73,,V,,員工薪酬含月薪、三節及員工酬勞。員工酬勞依公司章程辦理-當年度獲利扣除累積虧損後，如尚有盈餘應提撥不低於5%經比較IPC 15間同業提撥率1.6~15.2%，本公司提撥率6.9%為中間值正常水準
建材營造,3056,總太地產,"46,467",53,877,1.46,783,1.81,,,,
電子零組件業,3090,日電貿,"112,849",129,875,8.56,785,5.37,,,,
貿易百貨,2601,益航,"27,937",32,873,0.01,788,3.29,,,,
電子零組件業,2472,立隆電子,"74,782",86,870,4.42,785,5.37,,,,
半導體業,5305,敦南科技,"705,678",811,870,2.8,"1,228",7.24,,,,
電子零組件業,6197,佳必琪,"109,573",126,870,2.18,785,5.37,,,,
電子通路業,3312,弘憶國際,"54,757",63,869,1.28,900,3.73,,,,
電子零組件業,6282,康舒,"1,039,692","1,197",869,1.95,785,5.37,,,,
通信網路業,2498,宏達電,"4,335,614","4,993",868,14.72,"1,123",2.93,,V,,HTC向來致力於提供具競爭力之薪資福利，以吸引優秀人才加入團隊，保持公司競爭優勢。應主管機關要求揭露非擔任主管職務全時員工平均薪資，若單就一般同仁〈不含製造同仁〉平均年薪為新台幣140萬元，高於同業平均。
通信網路業,4904,遠傳,"4,865,492","5,618",866,2.88,"1,123",2.93,,,,
電子零組件業,3026,禾伸堂,"722,515",835,865,17.61,785,5.37,,,,
電機機械,4532,瑞智精密,"329,292",381,864,2.2,743,1.51,,,,
化學工業,1717,長興材料,"1,582,688","1,833",863,1.25,795,1.75,,,,
其他電子業,2495,普安,"365,019",423,863,0.43,"1,179",7.41,,,,
電腦及週邊設備業,3022,威強電,"373,079",433,862,2.87,"1,200",2.73,,V,,電腦及週邊設備業之產品及其技術層次種類繁多且分布較廣，因本公司部分產品仍在台自行生產，且部分技術研發為整合來自其他關聯企業資源，因此相應人力需求結構及其成本可能相較同業有所不同。
建材營造,2597,潤弘精密,"476,922",553,862,4.9,783,1.81,,,,
電子零組件業,2327,國巨,"2,877,802","3,345",860,80.3,785,5.37,,,,公司於台灣區工廠基層員工人數較多，所佔比例相對於全體員工比重較高。公司營收獲利因為市場因素在一年內成長數倍，薪資結構無法在一年內即時反應，後續會參考同業薪資水平，做相應調整 。
電子通路業,2347,聯強國際,"1,093,728","1,272",860,3.96,900,3.73,,V,,主要係因107年度本公司處分採用權益法之投資利益$7.4億（佔EPS$0.44)，此係一次性（非固定）之業外收入，若排除此因素EPS約為$3.52，經營績效與員工薪酬之關聯性應屬合理
電子零組件業,2421,建準電機,"428,964",499,860,2.41,785,5.37,,,,
金融保險業,2849,安泰銀行,"1,193,945","1,389",860,1.26,"1,155",1.65,,,,
其他,9904,寶成工業,"2,919,825","3,396",860,3.63,780,3.69,,,,
汽車工業,4551,智伸科,"45,542",53,859,6.1,707,5.02,,,,
電腦及週邊設備業,3013,晟銘電子,"56,617",66,858,0.65,"1,200",2.73,,,,
光電業,3356,奇偶科技,"187,527",219,856,0.77,816,1.04,,,,
其他,6581,鋼聯,"65,009",76,855,7.11,780,3.69,,,,
金融保險業,2823,中壽,"1,593,505","1,867",854,2.54,"1,155",1.65,,V,,金融保險業涵蓋之行業範圍廣，業態不盡相同，壽險業僱用基層保單行政及推廣人員之比例較高，故平均薪資呈現亦不同。本公司每股盈餘較去年成長，員工平均薪資、獎金皆隨之成長，與壽險同業比較，薪酬合理。
電腦及週邊設備業,2365,昆盈企業,"69,771",82,851,0.4,"1,200",2.73,,,,
電子通路業,3028,增你強,"227,929",268,850,1.9,900,3.73,,,,
電腦及週邊設備業,3701,大眾投控,"214,609",253,848,1.29,"1,200",2.73,,,,
鋼鐵工業,2006,東和鋼鐵,"1,293,873","1,531",845,0.88,"1,115",1.57,,,,
電子零組件業,2457,飛宏科技,"409,864",485,845,-0.73,785,5.37,,,,
電機機械,1535,中宇,"1,006,795","1,193",844,0.79,743,1.51,,,,
造紙工業,1904,正隆,"2,819,227","3,343",843,3.38,739,1.25,,,,
電子零組件業,8046,南電,"4,619,609","5,484",842,-0.9,785,5.37,,,,
生技醫療業,1789,台灣神隆,"502,830",598,841,0.56,674,1.42,,,,
其他電子業,2359,所羅門,"137,882",164,841,1.65,"1,179",7.41,,,,
建材營造,2539,櫻花建設,"25,241",30,841,1.1,783,1.81,,,,
航運業,2617,台航,"241,077",288,837,2.29,"1,149",0.62,,V,,本公司因外籍乙籍船員人數比例高，其薪資遠低於本國籍陸/海員工，致統計數字偏差。
電機機械,8374,羅昇,"84,487",101,837,1.28,743,1.51,,,,
建材營造,2505,國揚實業,"45,969",55,836,-0.08,783,1.81,,,,
建材營造,2524,京城,"25,094",30,836,1.29,783,1.81,,,,
生技醫療業,3705,永信,"1,039,084","1,245",835,2.64,674,1.42,,,,
生技醫療業,4104,佳醫,"147,767",177,835,3.53,674,1.42,,,,
電子零組件業,3338,泰碩電子,"75,047",90,834,1.8,785,5.37,,,,
航運業,2607,榮運,"845,117","1,015",833,0.81,"1,149",0.62,,V,,上市公司航運業涵蓋海運、航空及陸運三大類，因市場規模及行業特性所需之專業技能不同，薪酬行情亦有差異，海運業海勤人員及航空業機師、空服員薪資本較陸運業人員高，以陸運業而言，本公司薪酬並未低於同業水準。
通信網路業,2455,全新,"174,100",209,833,2.16,"1,123",2.93,,,,
油電燃氣業,9931,欣高,"78,247",94,832,2.07,"1,170",5.48,,,,
化學工業,4725,信昌化,"154,377",186,830,1.14,795,1.75,,,,
資訊服務業,2453,凌群,"743,001",896,829,0.63,879,2.13,,,,
電機機械,1504,東元電機,"1,979,439","2,391",828,1.59,743,1.51,,,,
電腦及週邊設備業,9912,偉聯,"25,602",31,826,0.23,"1,200",2.73,,,,
電子零組件業,4999,鑫禾,"202,880",246,825,6.33,785,5.37,,,,
金融保險業,2867,三商美邦,"1,229,801","1,492",824,-0.14,"1,155",1.65,,,,
貿易百貨,2905,三商,"1,231,529","1,494",824,0.43,788,3.29,,,,
電子零組件業,6115,鎰勝,"87,331",106,824,2.81,785,5.37,,,,
水泥工業,1104,環球水泥,"252,327",307,822,1.62,862,3.29,,,,
電腦及週邊設備業,2405,浩鑫,"228,643",278,822,-0.4,"1,200",2.73,,,,
其他,8497,格威傳媒,"68,106",83,821,5.16,780,3.69,,,,
半導體業,3054,立萬利,"18,851",23,820,0.01,"1,228",7.24,,,,
電子零組件業,2493,揚博科技,"208,824",255,819,3,785,5.37,,,,
電子零組件業,3432,台端,"13,107",16,819,4.2,785,5.37,,,,
電機機械,1537,廣隆光電,"94,809",116,817,12.03,743,1.51,,,,
化學工業,1708,東鹼,"109,177",134,815,1.74,795,1.75,,,,
電腦及週邊設備業,3017,奇鋐科技,"326,013",400,815,2.01,"1,200",2.73,,,,
光電業,3535,晶彩科,"180,126",221,815,1.07,816,1.04,,,,
建材營造,1436,華友聯,"29,256",36,813,4.48,783,1.81,,,,
電腦及週邊設備業,2380,虹光精密,"316,065",389,813,-2.05,"1,200",2.73,,,,
建材營造,3703,欣陸投控,"885,812","1,089",813,2.36,783,1.81,,,,
光電業,3669,圓展,"328,176",405,810,0.5,816,1.04,,,,
建材營造,5519,隆大營建,"59,154",73,810,2.41,783,1.81,,,,
電子零組件業,2440,太空梭,"16,176",20,809,-0.42,785,5.37,,,,
金融保險業,6005,群益證,"1,314,807","1,625",809,0.61,"1,155",1.65,,,,
光電業,6176,瑞儀光電,"839,132","1,039",808,10.83,816,1.04,,V,,我司派駐海外之台籍員工偏高(達百人約10%)，其駐外人員部分薪資乃由海外子公司發放，故我司在申報時考量申報計算基礎一致性，駐外員工均不納入計算；若將上述駐外員工納入計算，我司申報數係遠遠高於產業平均。
光電業,3019,亞洲光學,"587,108",728,806,3.89,816,1.04,,V,,"係因本公司非擔任主管職務之全時員工資訊包含本國人及外藉人士，扣除外藉人士，本國人薪資總額為548,074仟元，員工人數加權平均為640人，員工薪資-平均數(仟元/人)為856仟元，優於同業平均薪資815仟元。"
建材營造,2527,宏璟,"22,472",28,803,1.6,783,1.81,,,,
電腦及週邊設備業,6235,華孚科技,"38,566",48,803,1.01,"1,200",2.73,,,,
電子零組件業,8039,台虹科技,"568,305",709,802,3.22,785,5.37,,,,
電腦及週邊設備業,2399,映泰,"108,976",136,801,-1.37,"1,200",2.73,,,,
建材營造,2506,太設,"50,407",63,800,0.51,783,1.81,,,,
電子零組件業,8103,瀚荃,"124,862",156,800,2.51,785,5.37,,,,
電子零組件業,2431,聯昌電子,"55,126",69,799,-1.71,785,5.37,,,,
半導體業,2342,茂矽,"449,679",564,797,1.54,"1,228",7.24,,,,
其他電子業,2477,美隆電,"91,473",115,795,0.86,"1,179",7.41,,,,
建材營造,1805,寶徠,"10,308",13,793,-1.17,783,1.81,,,,
電腦及週邊設備業,2465,麗臺科技,"217,240",274,793,-1.12,"1,200",2.73,,,,
電子零組件業,3015,全漢,"608,974",768,793,0.4,785,5.37,,,,
電子零組件業,3645,達邁,"275,106",347,793,3.2,785,5.37,,,,
光電業,3504,揚明光學,"648,275",819,792,1.57,816,1.04,,V,,本公司定期參考產業人才市場之薪資水準，衡量公司薪資在就業市場競爭力。107年所申報非擔住主管職務的全時員工平均薪資低於同業平均數，推估主要係因公司直接人員約占總人數約4成所致。
航運業,5607,遠雄港,"334,926",423,792,1.3,"1,149",0.62,,V,,本公司與航運類股之行業屬性及人力結構差異較大。
通信網路業,3682,亞太電信,"1,220,874","1,541",792,-0.77,"1,123",2.93,,,,
半導體業,3583,辛耘,"398,307",504,790,5.16,"1,228",7.24,,,,
電子零組件業,2478,大毅,"508,708",645,789,7.26,785,5.37,,,,
電腦及週邊設備業,6206,飛捷,"330,497",421,785,5.6,"1,200",2.73,,V,,因本公司107年度外勞人數佔總員工人數21%，致本公司員工(年度)薪資平均數低於同業平均數。
鋼鐵工業,3004,豐達科技,"304,651",389,783,5.72,"1,115",1.57,,V,,"公司生產航太及工業扣件產品的製造業(屬傳統),人力結構以現場人力居多,現每月給付現場同仁薪資應屬具競爭性,近幾年積極擴充產能及人力,將持續改善績效評核制度及獎酬制度,以利穩定人才並使人員獲利也可持續攀升."
電子零組件業,6224,聚鼎,"152,600",195,783,4.38,785,5.37,,,,
化學工業,4755,三福化工,"260,529",334,780,4.38,795,1.75,,V,,列入統計資料的員工共有334人，其中新進員工2017年39人，2018年36人。新進員工因在學習階段，而且變動獎金的發放會考量到在職日數，因此新進員工的變動獎金會略低，年所得較低，進而影響到全公司的平均數。
玻璃陶瓷,1817,凱撒衛浴,"66,911",86,778,3.5,587,0.17,,,,
電機機械,1558,伸興,"254,970",328,777,15.26,743,1.51,,,,
電腦及週邊設備業,2387,精元電腦,"175,599",226,777,0.62,"1,200",2.73,,,,
其他電子業,6215,和椿科技,"121,953",157,777,0.59,"1,179",7.41,,,,
半導體業,8150,南茂科技,"4,388,945","5,678",773,1.37,"1,228",7.24,,,,
生技醫療業,1762,中化合成,"195,261",253,772,3.02,674,1.42,,,,
半導體業,2338,光罩,"144,373",187,772,1.02,"1,228",7.24,,,,
其他,6625,必應,"181,266",235,771,2.43,780,3.69,,,,
其他電子業,2488,漢平,"117,033",152,770,3.65,"1,179",7.41,,,,
紡織纖維,4438,廣越,"151,672",197,770,7.43,637,1.5,,,,
建材營造,2537,聯上開發,"16,159",21,769,0.09,783,1.81,,,,
電腦及週邊設備業,2397,友通資訊,"446,780",582,768,5.28,"1,200",2.73,,V,,因近二成人力為外籍勞工，故計算至員工平均薪資數，表現略低於同業水準。惟本公司仍致力於全體員工其它有形及無形福利，包括多元活動舉辦、員工關懷、職涯發展等。期許用永續經營理念，提升基層員工待遇。
電子零組件業,3058,立德電子,"96,742",126,768,-0.94,785,5.37,,,,
電子零組件業,2383,台光電子,"657,964",858,767,5.48,785,5.37,,V,,一、配合政府一例一休政策，重新規劃人力配置，並適度增加人力編制，增加就業機會。二、減少平/假日加班需求，員工有更充份時間進行休閒活動，降低過勞風險。
生技醫療業,4746,台耀,"496,979",648,767,1.85,674,1.42,,,,
通信網路業,3419,譁裕實業,"122,617",160,766,0.59,"1,123",2.93,,,,
其他電子業,3518,柏騰科技,"35,937",47,765,-4.27,"1,179",7.41,,,,
電子零組件業,6205,詮欣,"107,914",141,765,2.01,785,5.37,,,,
其他,8422,可寧衛,"61,924",81,764,12.13,780,3.69,,V,,(1)其他行業別組成複雜，彼此間行業特性差異大，綜合比較易失真。(2)非擔任主管職務之全時員工薪資水平，本公司已逐年調整成長。
光電業,3481,群創光電,"23,052,619","30,193",764,0.22,816,1.04,,,,
鋼鐵工業,2023,燁輝,"1,007,613","1,323",762,0.16,"1,115",1.57,,,,
電子通路業,2414,精技電腦,"274,085",360,761,1.58,900,3.73,,,,
建材營造,5533,皇鼎建設,"30,437",40,761,0.82,783,1.81,,,,
其他,2443,新利虹,"27,317",36,759,-2.34,780,3.69,,,,
通信網路業,2321,東訊,"173,532",229,758,-0.32,"1,123",2.93,,,,
電機機械,3167,大量科技,"169,052",223,758,5.42,743,1.51,,,,
貿易百貨,1432,大魯閣實業,"18,164",24,757,-1.1,788,3.29,,,,
其他電子業,8201,無敵,"93,894",124,757,-0.47,"1,179",7.41,,,,
光電業,3406,玉晶光,"260,161",344,756,9.38,816,1.04,,V,,1.公司有免費提供員工伙食(午餐/晚餐)，所以薪資未有代金。2.當年度到/離職者，滿半年但未足12個月，其佔比超過12%，此部份未計給員工分紅和離職者亦未發放年終獎金。
電機機械,1532,勤美,"223,154",295,756,4.76,743,1.51,,,,
電子零組件業,3605,宏致,"262,913",348,755,1.92,785,5.37,,,,
光電業,2448,晶電,"2,706,846","3,591",754,-0.42,816,1.04,,,,
電子零組件業,2462,良得電,"33,930",45,754,0.08,785,5.37,,,,
通信網路業,6142,友勁科技,"256,276",340,754,-0.82,"1,123",2.93,,,,
建材營造,2511,太子,"158,430",211,751,0.77,783,1.81,,,,
觀光事業,8462,柏文,"1,013,324","1,350",751,7.69,552,1.38,,,,
建材營造,2546,根基,"501,448",669,750,3.84,783,1.81,,V,,薪酬統計母群包含支領基本工資的外籍勞工(佔總人數3成)，本公司引進外籍勞工主係考量公共工程的進度里程碑、解決下包商人力短缺現況，以實現對業主承諾。因前述引進外籍勞工，影響本地員工薪資平均數約降低3成。
橡膠工業,6582,申豐,"123,813",165,750,4.08,632,1.17,,,,
半導體業,6239,力成,"7,691,688","10,271",749,8.02,"1,228",7.24,,V,,"主因係職務人力結構所致。研發工程行政：「3524人、占34.3%、薪資平均數1,196仟元」。本國藉作業員：「3841人、占37.4%、薪資平均數610仟元」。外藉作業員：「2906人、占28.3%、薪資平均數395仟元」。"
半導體業,2441,超豐電子,"2,566,431","3,427",749,4.18,"1,228",7.24,,,,
貿易百貨,8454,富邦媒,"1,344,897","1,798",748,10.35,788,3.29,,V,,107年度因擴大招募，任職滿6個月未滿12個月(未全年度在職)人數占23%，此部份員工未領滿全年度薪資，且包含工讀生人數，故影響我司平均年薪低於同業水準。
生技醫療業,1707,葡萄王,"255,784",342,748,9.57,674,1.42,,,,
貿易百貨,2901,欣欣大眾,"20,936",28,748,0.43,788,3.29,,,,
其他,6670,復盛應用,"554,594",742,747,16.85,780,3.69,,V,,復盛應用科技為工業局核定等級A+級之3K(辛苦、骯髒、危險)產業，在人口老化結構及就業選擇上，無法滿足用工人數，目前聘用約30%外籍勞工，大幅拉低薪資平均。對比所比較其他非屬同A+級3k產業，造就低於同業水準情況!
建材營造,2504,國產,"410,796",550,747,0.37,783,1.81,,,,
建材營造,6177,達麗,"28,396",38,747,0.2,783,1.81,,,,
光電業,6226,光鼎電子,"28,386",38,747,0.07,816,1.04,,,,
其他,9907,統一實業,"875,853","1,173",747,0.94,780,3.69,,,,
電器電纜,1604,聲寶,"512,772",687,746,1.52,711,1.96,,,,
半導體業,3711,日月光投控,"34,925,189","46,885",745,5.95,"1,228",7.24,,,,
紡織纖維,1441,大東紡織,"132,172",178,743,11.66,637,1.5,,,,
通信網路業,3027,盛達電業,"86,182",116,743,1.67,"1,123",2.93,,,,
紡織纖維,1409,新纖,"1,204,095","1,622",742,1.52,637,1.5,,,,
食品工業,1227,佳格,"662,146",893,741,3.25,776,2.53,,V,,"107年度EPS3.25元含出售五股廠辦利益EPS0.4元,另若加計108年6月預計發放之107年度員工酬勞31723仟元(較去年增加8335仟元)及其他禮金及旅遊補助款等,人均薪資約增加35.6仟元"
電機機械,8996,高力,"371,083",501,741,2.57,743,1.51,,,,
汽車工業,2206,三陽工業,"1,668,351","2,259",739,1.26,707,5.02,,,,
航運業,2636,台驊投控,"213,343",289,738,3.07,"1,149",0.62,,V,,本公司員工與同業員工組成結構差異較大，本公司同業大多為航空公司及船公司，其員工結構為機師、空姐、船員，以及航太業專門技術人員等，屬於工時長、風險性高或技術門檻較高之職務，因此其薪資原本就較一般公司高。
電機機械,1514,亞力電機,"422,077",573,737,1.09,743,1.51,,,,
金融保險業,2838,聯邦銀行,"2,518,102","3,433",733,1.07,"1,155",1.65,,,,
電子零組件業,3044,健鼎科技,"891,987","1,220",731,9.4,785,5.37,,V,,本公司員工薪酬係參考印刷電路板同業薪酬水準並依廠區職級與營運貢獻度按公司人事薪酬相關規則所議定；另，依公司章程第卅二條規定於年度獲利中提撥6%~18%為員工酬勞。
半導體業,2451,創見資訊,"821,423","1,126",730,4.83,"1,228",7.24,,,,
化學工業,1714,和桐化學,"52,477",72,729,0.26,795,1.75,,,,
光電業,6116,彩晶,"2,036,500","2,792",729,0.32,816,1.04,,,,
油電燃氣業,2616,山隆通運,"804,214","1,104",728,1.76,"1,170",5.48,,,,
光電業,3557,嘉威光電,"9,464",13,728,0,816,1.04,,,,
化學工業,4766,南寶,"466,072",643,725,6.15,795,1.75,,V,,若將本公司淨利扣除投資收益後之EPS為2.66，並未高於同業太多。員工薪酬福利係參考公司營運績效、未來經營風險、發展趨勢、個人績效達成率及對公司績效的貢獻度，給予合理報酬，與經營績效有正面關聯性。
電子零組件業,1471,首利,"31,082",43,723,-2.13,785,5.37,,,,
電器電纜,4930,燦星網通,"15,896",22,723,-1.48,711,1.96,,,,
光電業,3698,隆達,"1,209,293","1,675",722,0.1,816,1.04,,,,
化學工業,1730,花仙子,"121,833",169,721,4.96,795,1.75,,V,,"因不含員工紅利,申報非主管級之全時員工薪資若加計108年8月預計發放之107年度員工紅利96仟元，人均薪資約增加96仟元。(107年度之員工紅利以實際發放為主)"
其他,9914,美利達,"743,817","1,032",721,5.72,780,3.69,,V,,1.本公司107年度非擔任主管職務之全時員工平均調薪約3.30%，107年度員工酬勞依公司章程規定提撥6%，與近年提撥水準相似。2.”9”開頭其他類別之上市公司產業多樣，就自行車產業而言，失去參考意義。
半導體業,8028,昇陽半導體,"394,606",547,721,1.87,"1,228",7.24,,,,
化學工業,1711,永光化學,"945,037","1,312",720,0.73,795,1.75,,,,
資訊服務業,2427,三商電腦,"440,213",611,720,0.63,879,2.13,,,,
電子零組件業,3593,力銘,"8,636",12,720,-2.32,785,5.37,,,,
其他,6655,科定,"403,345",560,720,3.5,780,3.69,,,,
化學工業,1713,國化,"56,752",79,718,0.76,795,1.75,,,,
其他電子業,2390,云辰,"46,625",65,717,-0.81,"1,179",7.41,,,,
光電業,3031,佰鴻工業,"49,483",69,717,0.58,816,1.04,,,,
航運業,5608,四維航業,"57,345",80,717,-0.54,"1,149",0.62,,,,
電腦及週邊設備業,2305,全友電腦,"65,741",92,715,-0.1,"1,200",2.73,,,,
半導體業,6271,同欣電子,"1,155,056","1,615",715,6.13,"1,228",7.24,,,,
食品工業,1234,黑松,"381,246",535,713,1.73,776,2.53,,,,
建材營造,2534,宏盛,"49,806",70,712,4.07,783,1.81,,V,,宏盛建設99年起每股盈餘低於同業，102及103年更降至(0.25)及(0.4)，104~105年稍有起色，由負轉正為0.68~1.46，因累積虧損年度較長，故107年整體薪資發放傾向保守。
光電業,6168,宏齊科技,"424,844",597,712,1.15,816,1.04,,V,,因總公司座落在「新竹科學園區」外，相較薪資水準與園區內的同業較低。且公司大部份員工是在地居民，所以薪資福利項目屬於外縣市之交通、住宿補助福利較少。
其他,9917,中保,"1,749,272","2,457",712,4.64,780,3.69,,V,,本公司所經營相關業務多元化發展，薪資結構及計算相較複雜，與「同業」所營事業屬性多不相同，若員工月底到/離職，計算半月薪資也算成1人，影響薪資平均數。除月薪外，員工有年度晉升晉級的制度，與績效聯結。
生技醫療業,4108,懷特,"22,028",31,711,-1.12,674,1.42,,,,
電機機械,4566,時碩工業,"158,463",223,711,3.33,743,1.51,,,,
鋼鐵工業,2034,允強,"613,827",864,710,2.23,"1,115",1.57,,V,,1.配合公司人力需求，使用EXTRA制度提升人力，外籍同仁比例較高。2.同業員工薪資平均數1115仟元與財務報告附註揭露之員工福利(薪資含主管)資訊中1118仟元相近，請查明各公司申報基準。
金融保險業,2809,京城銀行,"576,545",812,710,2.51,"1,155",1.65,,V,,本行已實施員工持股信託，不含經理人員工持股達9915千股，市值達3.29億元，且每年尚有三千萬元以上的業務推廣費補貼。股票增值及業務推廣費部分雖未列入薪資所得，但均為員工實質所得。
建材營造,1316,上曜,"32,676",46,710,1.39,783,1.81,,,,
電腦及週邊設備業,2424,隴華電子,"8,514",12,710,-1.38,"1,200",2.73,,,,
電子零組件業,3011,今皓,"35,443",50,709,-0.3,785,5.37,,,,
其他,2514,龍邦國際,"14,848",21,707,0.05,780,3.69,,,,
生技醫療業,1786,科妍,"52,985",75,706,1.66,674,1.42,,,,
橡膠工業,2104,國際中橡,"415,571",589,706,4.18,632,1.17,,,,
其他電子業,2373,震旦行,"638,222",904,706,6.78,"1,179",7.41,,,,
電子零組件業,3296,勝德國際,"98,807",140,706,1.01,785,5.37,,,,
化學工業,3708,上緯投控,"121,147",172,704,11.22,795,1.75,,V,,1.107年排除海能釋股利益後，EPS為1.75元與同業相當。2.依員工績效考核，107年度非固定薪酬為員工基本薪酬之23.5%。3.衡量整體產業薪資標準，於108/4調升基本薪酬約8%~9.5%。
生技醫療業,1720,生達化學,"522,023",741,704,2.09,674,1.42,,,,
半導體業,3686,達能,"80,217",114,704,-5.28,"1,228",7.24,,,,
鋼鐵工業,2031,新光鋼,"146,296",208,703,3.17,"1,115",1.57,,V,,本公司非經理人之全時員工之酬金金額，乃依其職務職位、營運參與程度及貢獻價值、該年度公司經營績效及考量公司未來風險，由單位主管評量提案，提交至總經理審議核定並送交審計委員會報告。
紡織纖維,1476,儒鴻,"1,215,475","1,728",703,15.96,637,1.5,,,,
化學工業,1724,台硝,"166,650",237,703,0.76,795,1.75,,,,
生技醫療業,4106,雃博,"189,491",270,702,1.24,674,1.42,,,,
光電業,2393,億光電子,"1,120,259","1,603",699,1.8,816,1.04,,V,,億光公司以產業特性兼顧外部競爭、內部公平為前提，提供多元並具競爭力的薪酬制度，秉持員工利潤共享的理念，留任、培育與激勵優秀人才。配合營運績效表現，億光公司整體薪酬在同產業以維持在一定的水準而努力。
橡膠工業,2101,南港輪胎,"930,619","1,331",699,0.23,632,1.17,,,,
化學工業,4722,國精化學,"207,976",298,698,2.54,795,1.75,,V,,我司相關薪資給付均符合相關勞動法規規定，每年均調增薪水，重視員工福利，勞資關係融合，平均薪資水準為同業間公司規模、員工經歷及工作年資等等所造成的差異，後續會在股東權益與員工福利之間取得平衡點。
化學工業,1721,三晃,"412,036",591,697,0.07,795,1.75,,,,
其他,9934,成霖企業,"73,930",106,697,1.69,780,3.69,,,,
光電業,2340,光磊,"900,443","1,294",696,1.47,816,1.04,,V,,1.人力結構分佈直接員工佔總人數近6成(外籍佔直接3成)，故拉低總體平均薪資。2.當年度在職月數未達12個月者，在本次申報超過1成，故影響總體平均薪資。排除上述原因，薪資平均數仍維持在平均水準上。
鋼鐵工業,5007,三星科技,"1,046,661","1,507",695,3.8,"1,115",1.57,,V,,本公司員工薪資比照扣件同業水準，而獎金是依年度稅前盈餘(經營績效)以固定比例提列並依個人考績分發；另上市鋼鐵業再細分為扣件業(如春雨、聚亨、豐達科技)來做比較，則本公司員工薪酬應於合理範圍內。
電子零組件業,6213,聯茂,"258,460",372,695,5.86,785,5.37,,V,,"本公司因產業特性需要較多工廠的產線員工(超過50%)，且當中有25%為外籍員工,導致全員平均薪資偏低。"
其他,3040,遠見,"4,167",6,695,1.31,780,3.69,,,,
光電業,6668,中揚光,"167,921",242,694,2.3,816,1.04,,V,,因產線擴增人力聘僱，且因應輪班需求製造人力占比較高。公司除提供薪資、獎金、員工酬勞外，亦發行員工認股權、限制員工權利新股及員工現金增資認股等獎酬，讓員工參與公司成長，惟前述獎酬工具並未列入本項統計。
電子零組件業,2375,智寶,"13,869",20,693,19.11,785,5.37,,V,,本公司員工薪酬政策，依員工職責考核其個人績效表現及對公司之貢獻度，並考量公司營運狀況來給予相應之酬金。本期因處分孫公司(杰美康)股權，致非經常性業外利益大幅增加， 此EPS獲利表現無法與同業比較。
貿易百貨,2903,遠百,"868,175","1,253",693,0.94,788,3.29,,,,
建材營造,9906,欣巴巴,"27,738",40,693,-0.36,783,1.81,,,,
生技醫療業,1760,寶齡富錦,"183,489",265,692,2.09,674,1.42,,,,
造紙工業,1907,永豐餘,"1,851,044","2,674",692,0.87,739,1.25,,,,
其他電子業,2433,互盛電,"288,622",417,692,3.66,"1,179",7.41,,,,
其他電子業,2482,連宇,"179,789",260,691,0.06,"1,179",7.41,,,,
電腦及週邊設備業,3060,銘異,"294,852",427,691,-2.39,"1,200",2.73,,,,
其他,9928,中視,"265,485",384,691,-1.27,780,3.69,,,,
電腦及週邊設備業,8114,振樺電子,"206,236",299,690,8.52,"1,200",2.73,,V,,本公司商業運營模式及規模、獲利組成、海內外員工結構和分工，與同業不盡相同。員工薪酬結構，係綜合衡量其工作職能和績效達成，及其對組織營運貢獻和價值創造等。另我司製造單位之員工有206位，其中44位為外籍移工
化學工業,1726,永記造漆,"451,535",655,689,4.61,795,1.75,,V,,本公司員工薪酬依照學、經歷及勞基法規範核薪，逐年依公司營運政策調整薪資，對於員工各方福利亦不吝支出，未來將持續於營運成長之際給予員工更好福利。
電子零組件業,3037,欣興電子,"6,693,735","9,720",689,1.15,785,5.37,,,,
電腦及週邊設備業,3494,誠研科技,"150,308",218,689,-1.6,"1,200",2.73,,,,
半導體業,2449,京元電子,"3,782,001","5,496",688,1.47,"1,228",7.24,,,,
食品工業,1210,大成長城,"1,311,002","1,909",687,2.75,776,2.53,,V,,本公司營業項目與其它食品業有所差異，以飼料為大宗佔55%，食品相對略低佔19%，人力結構中外籍移工約佔1/5。 依照公司營運目標的進展與獲利發放各項獎金、年終獎金，員工酬勞依年度可分配盈餘不低於2%提撥發放。
塑膠工業,1321,大洋,"320,168",467,686,-0.33,"1,249",5.5,,,,
化學工業,4720,德淵企業,"142,748",208,686,0.35,795,1.75,,,,
電機機械,1519,華城電機,"427,135",624,685,0.23,743,1.51,,,,
生技醫療業,4155,訊映,"51,262",75,683,2.15,674,1.42,,,,
通信網路業,6136,富爾特,"45,742",67,683,0.75,"1,123",2.93,,,,
光電業,3576,聯合再生,"1,367,182","2,005",682,-0.34,816,1.04,,,,
建材營造,5531,鄉林建設,"91,403",134,682,0.17,783,1.81,,,,
食品工業,1702,南僑投控,"205,597",302,681,4.09,776,2.53,,V,,本公司107年度每股盈餘較同業為佳係為集團同仁努力之成果，惟本公司於106/8/1以既存分割方式移轉相關營業及員工予二家國內子公司(該子公司非重要子公司，故無列入計算)，致影響107年度申報薪酬相關資訊。
電子零組件業,3023,信邦電子,"388,107",570,681,6.26,785,5.37,,V,,員工除領取固定薪資外，公司也於第一季與第三季發放績效獎金。績效獎金具即時激勵性與高度績效關聯性，不但反映公司整體經營獲利，也會依個人績效表現予以核發，使經營績效結果與員工薪資獎酬形成合理之連動。
光電業,3024,憶聲電子,"32,627",48,680,0.53,816,1.04,,,,
光電業,8104,錸寶,"189,355",279,679,5.66,816,1.04,,V,,本公司107年非主管員工279人，薪資皆符合法令，直接人工202人含產學合作及外籍勞工57人，以上員工無產業經驗且從事規律及低技術工作。另同業股本及獲利狀況皆高出本公司數十倍，故同業間每股盈餘有所差。
造紙工業,1909,榮成紙業,"740,285","1,091",679,0.82,739,1.25,,,,
光電業,4942,嘉彰,"170,960",252,678,4.5,816,1.04,,V,,職員有113位、技術員14位、作業員138位，平均年齡37.8歲；從學歷來看，碩士比重僅占3.02%、也就是只有8位，大專學歷占40.75%，高中學歷占47.17%，高中以下占9.06%。現場直接人員佔全公司總人數56%。
電機機械,1583,程泰,"268,233",396,677,5.41,743,1.51,,V,,"除固定薪資外亦配合業績給予績效獎金等,並已參考同業薪資水準此薪酬僅針對台灣員工,但公司轉投資及海外子公司之獲利等皆會影響EPS高低,亦即並非所有獲利皆由台灣總公司所創造,另外107年獲利部分來自匯兌收益所致"
生技醫療業,1736,喬山健康,"602,918",891,677,1.29,674,1.42,,,,
半導體業,2351,順德,"894,243","1,320",677,4.55,"1,228",7.24,,,,
電子零組件業,3653,健策,"669,761",991,676,4.61,785,5.37,,,,
電機機械,4526,東台,"546,269",810,674,1.23,743,1.51,,,,
電子通路業,8072,陞泰,"101,157",150,674,-0.25,900,3.73,,,,
造紙工業,1905,華紙,"1,293,474","1,923",673,0.4,739,1.25,,,,
光電業,3622,洋華,"85,490",127,673,0.79,816,1.04,,,,
其他,8033,雷虎科技,"10,743",16,671,-0.45,780,3.69,,,,
電子零組件業,2428,興勤電子,"250,536",375,668,7.67,785,5.37,,V,,本公司EPS 7.67元，海外子公司貢獻5.05元。直接人員約242人佔員工人數65%，平均薪資515仟元；間接人員含技術、研發、管理人員約133人，平均薪資947仟元。本公司屬勞力密集產業員工薪酬及公司經營績效配置應屬合理。
食品工業,1201,味全公司,"972,701","1,456",668,1.94,776,2.53,,,,
食品工業,1229,聯華實業,"167,708",251,668,2.35,776,2.53,,,,
光電業,3049,和鑫,"182,489",273,668,0.25,816,1.04,,,,
建材營造,9946,三發地產,"30,712",46,668,1.23,783,1.81,,,,
化學工業,1725,元禎,"57,387",86,667,1.2,795,1.75,,,,
電子零組件業,3679,新至陞,"38,659",58,667,3.35,785,5.37,,,,
電腦及週邊設備業,3416,融程電訊,"200,580",301,666,2.84,"1,200",2.73,,V,,本公司章程的員工酬勞提撥比率為5%至15%，107年度實際發放比率為8.54%。107年度調薪幅度:預計為3%，實際為3.65%，較106年度增幅達201.66%。107年度外籍移工佔員工人數為12.93%，從事於生產組裝檢測之基層作業工作。
紡織纖維,1475,本盟光電,"28,611",43,665,-4.02,637,1.5,,,,
化學工業,1712,興農,"878,290","1,321",665,1.74,795,1.75,,,,
其他,9927,泰銘,"94,386",142,665,1.75,780,3.69,,,,
鋼鐵工業,2028,威致鋼鐵,"217,831",328,664,1.58,"1,115",1.57,,V,,雖然107年獲利狀況良好，但考慮公司仍存在未彌補虧損數，需仰賴未來獲利彌補，加上財務結構也尚須改善，且鋼鐵景氣在107年第4季開始反轉，為公司穩健長久經營，員工薪資乃未與營業績效作連結。
鋼鐵工業,2020,美亞鋼管,"224,935",339,664,1.34,"1,115",1.57,,,,
建材營造,2515,中工,"530,539",799,664,0.24,783,1.81,,,,
光電業,4960,誠美材,"682,798","1,028",664,-0.98,816,1.04,,,,
資訊服務業,2468,華經,"185,754",280,663,0.61,879,2.13,,,,
通信網路業,6416,瑞祺電通,"152,873",231,662,5.42,"1,123",2.93,,V,,本公司近3年新設置生產製造單位，該單位人員數直線成長並占公司人數約35%，且其中移工又約占1/4之比例；另本公司為推動青年培力，與學校進行建教合作，每年學生人數約占員工人數的5%，故該數值尚為合理。
化學工業,1718,中纖,"464,454",702,662,1.13,795,1.75,,,,
電機機械,1530,亞崴機電,"345,537",523,661,3.45,743,1.51,,V,,公司新進人員流動率較高，故新進人員薪資會較低。106年及107年新人131人占全年給薪人數21%106年及107年新進人員薪資金額占全公司薪資比率13%，故平均薪資會降低。
光電業,6164,華興電子,"37,595",57,660,0.22,816,1.04,,,,
電機機械,1513,中興電,"1,114,550","1,693",658,1.33,743,1.51,,,,
其他,4536,拓凱,"140,297",214,656,9.31,780,3.69,,V,,"2019年2月19日主計處公布107 年每人每月總薪資平均為 51,957 元，本公司非經理人全時員工月平均薪資達54,666元左右，尚較整體平均值為高。"
電腦及週邊設備業,5258,虹堡,"127,169",194,656,-4.97,"1,200",2.73,,,,
其他電子業,2474,可成科技,"2,067,875","3,158",655,36.31,"1,179",7.41,,V,,電子業產品生產型態不相同，人力結構組成就不相同，台灣可成直接人力佔全公司比重約60%，因此在年薪呈現上會較許多電子業在台灣是以研發為主的公司低。2018年的直接人力比上年度增加，因此在年薪呈現上會稍微降低。
航運業,8367,建新國際,"221,972",339,655,1.96,"1,149",0.62,,V,,本公司參照上市同業水準訂定薪酬辦法做為員工薪資計發依據，107年稅前淨利及平均薪資費用分別較前一年減少9.81%及0.90%，另與上市營運模式相似同業相較，本公司營運績效及員工平均薪資均落於同業間，故應屬合理
食品工業,1218,泰山企業,"304,052",464,655,0.98,776,2.53,,,,
生技醫療業,1701,中化,"463,498",710,653,1.24,674,1.42,,,,
電機機械,1560,中砂,"1,042,796","1,599",652,4.92,743,1.51,,V,,1.本公司有約12%的外籍勞工其薪資結構依政府基本工資規定辦理，影響本公司整體平均薪資.        2.本公司將針對員工薪酬政策將參考業界公司標準做檢討。
其他電子業,2461,光群雷射,"65,740",101,651,0.41,"1,179",7.41,,,,
建材營造,2516,新建,"449,367",690,651,0.3,783,1.81,,,,
其他,8478,東哥遊艇,"213,157",329,648,3.85,780,3.69,,V,,本公司業務為遊艇製造及銷售，於上市類別中係屬其他，與此類別中同業公司性質比較，樣本差異性大。本公司章程規定年度如有獲利，應提撥不低於1%為員工酬勞，惟實際發放金額達3.73%，不吝與同仁分享營運上的成功表現
其他電子業,8021,尖點,"197,604",305,648,1.69,"1,179",7.41,,,,
電器電纜,1609,大亞電線,"369,667",571,647,0.83,711,1.96,,,,員工酬金組合主要包含基本固定薪資、獎金及福利，依據個人能力、對公司貢獻度、績效表現、其所任職位之市場價值及考量公司未來營運風險後決定，與經營績效正相關；至於福利設計，則視員工需求，來規劃多面向的措施。
化學工業,4739,康普材料,"91,832",142,647,4.63,795,1.75,,V,,非擔任主管職之全時員工薪資低於同業平均主係員工組成架構所導致，若排除申報員工人數142人中之該年度外籍員工與任職未滿一年離職之員工及其薪資，重新計算後本國籍員工之平均薪資為817仟元，高於平均數795仟元。
電子通路業,6281,全國電,"1,063,927","1,644",647,4.09,900,3.73,,V,,本公司產業類別屬於電子通路業，該類別含BtoB及BtoC二種業態，前者交易對象為法人，與本公司交易對象為消費者、屬零售服務之業態明顯不同，薪資難免有落差。若與同業態公司相比，員工薪資與福利，均未低於同業。
其他,2904,匯僑,"36,869",57,647,1.72,780,3.69,,,,
電子零組件業,3021,鴻名企業,"92,545",143,647,1.3,785,5.37,,,,
通信網路業,6442,光聖,"263,357",407,647,2.34,"1,123",2.93,,,,
半導體業,6257,矽格,"1,151,687","1,783",646,3.01,"1,228",7.24,,,,
電腦及週邊設備業,3712,永崴,"91,612",142,645,-1.24,"1,200",2.73,,,,
光電業,8105,凌巨,"1,261,379","1,955",645,-0.3,816,1.04,,,,
建材營造,1442,名軒,"14,819",23,644,0.4,783,1.81,,,,
電子零組件業,2476,鉅祥,"394,187",612,644,1.58,785,5.37,,,,
電子零組件業,3042,晶技,"585,796",909,644,2.08,785,5.37,,,,
電器電纜,1612,宏泰,"221,869",345,643,0.39,711,1.96,,,,
光電業,5484,慧友電子,"76,988",120,642,-1.59,816,1.04,,,,
電子零組件業,6133,金橋科技,"26,309",41,642,0.12,785,5.37,,,,
電腦及週邊設備業,2364,倫飛電腦,"94,891",148,641,-0.35,"1,200",2.73,,,,
電腦及週邊設備業,2425,承啟,"8,339",13,641,2.39,"1,200",2.73,,,,
航運業,2608,嘉里大榮,"2,718,221","4,249",640,2.61,"1,149",0.62,,V,,本公司屬航運業，但以陸運為主軸，與空、海運業實屬不同行業性質，且本公司基層勞力員工較多，其平均薪資本就難高於高技術含量人員較多之空、海運業。
汽車工業,1524,耿鼎企業,"260,596",407,640,1.09,707,5.02,,,,
鋼鐵工業,2010,春源鋼鐵,"886,132","1,385",640,0.39,"1,115",1.57,,,,
電子零組件業,6165,捷泰精密,"4,472",7,639,-0.09,785,5.37,,,,
紡織纖維,1457,宜進,"83,568",131,638,2.13,637,1.5,,,,
電子零組件業,2402,毅嘉科技,"70,829",111,638,0.47,785,5.37,,,,
建材營造,3052,夆典,"77,799",122,638,-0.68,783,1.81,,,,
光電業,4934,太極能源,"152,523",240,636,-5.17,816,1.04,,,,
其他,9911,台灣櫻花,"544,674",857,636,3.65,780,3.69,,,,
電子零組件業,2313,華通,"2,806,145","4,418",635,2.01,785,5.37,,,,
汽車工業,1536,和大工業,"665,348","1,050",634,4.85,707,5.02,,V,,本公司薪酬原則上連結職責與績效結果，依本公司辦法評估員工薪資報酬，然為提供具競爭力薪酬以吸引、留置與培育人才，不以短期獲利作為薪酬和績效的唯一評量，分析結果尚屬合理。
電子零組件業,3607,谷崧,"97,409",154,633,-6.89,785,5.37,,,,
造紙工業,1906,寶隆國際,"7,574",12,631,3.32,739,1.25,,V,,本公司EPS 3.32元，主要係股利收入，佔稅後淨利84%，同業佔稅後淨利平均15%。若不計股利EPS為0.54元，低於同業平均EPS 1.06元。另因非擔任主管職之員工屬後勤單位，故薪酬架構不與業外股利連結，應屬合理。
電子零組件業,3501,維熹科技,"156,465",248,631,5.99,785,5.37,,V,,本公司秉持根留台灣理念，在彰化仍保有工廠，主要產品為電源線，屬勞力較密集產業，申報資料中，產線直接人員為156人，約占統計人數60%，餘40%間接人員平均薪資超過同業平均薪資773仟元以上，仍具同業水準。
其他電子業,3450,聯鈞,"457,151",725,631,4.09,"1,179",7.41,,,,
電子零組件業,6269,台郡科技,"1,021,285","1,622",630,8.55,785,5.37,,V,,1.本公司依「非擔任主管職務之全時員工薪資資訊」申報作業規定計算全公司薪資平均數2.本公司的製程以勞力密集為主，製造直接人工佔比較大，直接人力薪資比例佔全公司薪資比較高
水泥工業,1110,東泥,"50,356",80,629,0.12,862,3.29,,,,
汽車工業,1521,大億,"535,981",853,628,4.19,707,5.02,,V,,關聯性：直接性的關聯為年終獎金：依每年經營績效達成狀況提撥與發放。合理性：因每人獲利平均數低於同業，故薪資平均數低於同業水準應屬合理。
電腦及週邊設備業,6230,超眾,"200,954",320,628,6.9,"1,200",2.73,,V,,"公司依據每年營運績效提撥獎金.酬勞.調薪比率,除因資深員工異動外,依訂單需求狀況,調節新進人員及外勞,導致每年平均薪資會有差異;同一產業內之公司實際營運項目產品內容差異很大,依此比較結果不客觀."
化學工業,1735,日勝化,"90,502",144,628,0.1,795,1.75,,,,
電子零組件業,2059,川湖,"318,473",508,627,18.64,785,5.37,,V,,本公司設計薪酬制度之核心精神在於確保員工可以在穩定且一定的基礎上，專心致力於專業上發揮。企業於年度終了依照經營績效與獲利狀況扣除應有之稅捐及法定提撥後倘有盈餘，即秉持著與全體員工共享之理念與全員共享。
鋼鐵工業,2007,燁興公司,"261,477",417,627,0.03,"1,115",1.57,,,,
電機機械,2371,大同,"1,776,895","2,833",627,-4.75,743,1.51,,,,
玻璃陶瓷,1809,中釉,"135,250",216,626,0,587,0.17,,,,
其他,1437,勤益投控,"18,087",29,624,1.23,780,3.69,,,,
電腦及週邊設備業,6172,互億科技,"1,870",3,623,0.37,"1,200",2.73,,,,
電子零組件業,3308,聯德電子,"27,986",45,622,-1.57,785,5.37,,,,
電子零組件業,5469,瀚宇博德,"420,028",675,622,3.55,785,5.37,,,,
電子零組件業,6153,嘉聯益,"1,191,141","1,914",622,2.08,785,5.37,,,,
汽車工業,6288,聯嘉光電,"306,402",495,619,0.91,707,5.02,,,,
其他,6504,南六,"170,296",276,617,8.16,780,3.69,,V,,由於台灣未有與本公司係完全相同之同業，比較基礎不同，故係屬合理。
橡膠工業,2105,正新,"3,895,731","6,313",617,1.09,632,1.17,,,,
光電業,2466,冠西電,"63,972",104,615,0.02,816,1.04,,,,
其他,9925,新光保全,"852,076","1,385",615,2.18,780,3.69,,,,
電子零組件業,2355,敬鵬,"2,390,352","3,895",614,0.41,785,5.37,,,,
生技醫療業,4142,國光生技,"172,581",281,614,-2.59,674,1.42,,,,
航運業,2613,中櫃,"396,119",648,611,0.53,"1,149",0.62,,,,
生技醫療業,4133,亞諾法,"76,196",125,610,0.76,674,1.42,,,,
電子零組件業,2368,金像電,"1,380,242","2,266",609,0.42,785,5.37,,,,
食品工業,1215,卜蜂企業,"1,117,514","1,839",608,3.55,776,2.53,,V,,本公司屬食品製造業，依法令申請外勞，約佔總員工人數30.4%，如扣除外勞，本國員工薪資應符合市場薪資行情。
其他,9921,巨大機械,"1,435,631","2,362",608,7.64,780,3.69,,V,,"1.我司為勞力技術密集工業,全司約82%為直接作業員(其中約500人為外籍勞工)2.107年4月中美貿易大戰,全力追趕輸美訂單,因勞動法修法加班時數限制下,於4月起錄用更多生產作業員,增加近7%。1&2兩類員工皆非高薪族群"
電機機械,1528,恩德,"166,357",274,607,0.22,743,1.51,,,,
航運業,2630,亞洲航空,"590,559",973,607,0.13,"1,149",0.62,,,,
其他,9905,大華金,"207,566",342,607,1.47,780,3.69,,,,
水泥工業,1109,信大水泥,"225,068",372,605,2.38,862,3.29,,,,
電機機械,1527,鑽全,"427,495",707,605,7.48,743,1.51,,V,,本公司訂有薪資管理辦法，公司員工薪酬皆依辦法規定辦理。107年獲利大幅提升，係因受惠於台幣貶值認列匯兌利益所致。
汽車工業,1525,江申工業,"160,624",266,604,6.17,707,5.02,,V,,(1)本公司EPS有90%貢獻來自於業外的轉投資收益認列，故與台灣廠員工生產績效關聯性較低。(2)非擔任主管職之全職員工人數計266人，其中外籍同仁人數52人，占20%，人員結構影響平均薪資水準。
光電業,6225,天瀚,"3,616",6,603,-0.17,816,1.04,,,,
化學工業,1776,展宇,"82,443",137,602,-0.49,795,1.75,,,,
光電業,3437,榮創,"792,793","1,319",601,-2.68,816,1.04,,,,
半導體業,3536,誠創科技,"11,427",19,601,-0.62,"1,228",7.24,,,,
電器電纜,1617,榮星電線,"149,958",250,600,1.5,711,1.96,,,,
其他,9902,台火,"5,401",9,600,0.12,780,3.69,,,,
貿易百貨,2910,統領,"29,245",49,597,0.51,788,3.29,,,,
紡織纖維,1413,宏洲纖維,"119,400",201,594,1.83,637,1.5,,V,,本公司107年度EPS較同業為佳，惟非經理人之全時員工(年度)薪資平均數低於同業水準，主要係公司尚有累計虧損待彌補，故無法發放員工紅利所致。
電子零組件業,2456,奇力新,"469,513",790,594,11.54,785,5.37,,V,,107年非擔任主管職務之全時員工，多為產線人員，去年間接管理人員年平均薪資福利金額超過百萬元，優於法規基本工資甚多，且上述金額未包含員工認股權及其他紅利、獎金。本公司整體員工薪資與福利並未低於其他同業。
其他電子業,6201,亞弘電,"199,791",337,593,2.95,"1,179",7.41,,,,
通信網路業,2450,神腦,"1,654,590","2,796",592,1.59,"1,123",2.93,,,,
生技醫療業,1731,美吾華,"115,751",196,591,0.57,674,1.42,,,,
生技醫療業,1783,和康生技,"73,243",124,591,0.82,674,1.42,,,,
電子零組件業,3003,健和興,"378,534",641,591,3.08,785,5.37,,,,
汽車工業,1319,東陽,"2,061,646","3,497",590,3.26,707,5.02,,,,
玻璃陶瓷,1802,台玻,"2,780,144","4,711",590,0.37,587,0.17,,,,
汽車工業,1522,堤維西,"926,917","1,572",590,2,707,5.02,,V,,本公司接單特性大多為少量多樣生產，因自動化產線尚未普及，較多產線仍需依賴人工作業，其中藍領員工人數比重高，且所聘用外勞較多以基本工資起薪，因此對於整體員工平均薪資有降低的效果。
橡膠工業,2107,厚生,"113,770",193,589,0.59,632,1.17,,,,
光電業,3591,艾笛森,"111,963",190,589,0.3,816,1.04,,,,
其他,6184,大豐電,"38,892",66,589,2.37,780,3.69,,,,
觀光事業,2707,晶華酒店,"711,826","1,213",587,10.8,552,1.38,,,,
汽車工業,2231,為升,"176,683",301,587,9.48,707,5.02,,V,,本公司屬製造業，非擔任主管職務之全時員工(年度)薪資平均數已達50萬元以上，其中基層員工佔比27.67%，員工學歷分佈中，高中職(含)以下佔比40.25%。上述數據說明薪資平均數之依據。
食品工業,1217,愛之味,"306,143",522,586,0.1,776,2.53,,,,
紡織纖維,1452,宏益,"143,941",246,585,1.47,637,1.5,,,,
光電業,2486,一詮精密,"421,987",721,585,-0.56,816,1.04,,,,
電機機械,1531,高林股,"132,670",227,584,0.68,743,1.51,,,,
電子通路業,2430,燦坤實業,"1,049,335","1,797",584,1.34,900,3.73,,,,
觀光事業,2731,雄獅旅遊,"1,297,677","2,222",584,3.66,552,1.38,,,,
其他,9939,宏全,"681,691","1,168",584,3.73,780,3.69,,V,,本公司產業為傳統製造業，因所需生產線人力佔總人數約65%、現場流動性較高且外籍員工佔1/6，故整體平均數拉低；本公司仍持續積極提升薪資福利制度、培育優秀人才、建立安全、舒適的職場環境等方式提高員工滿意度。
電子零組件業,2420,新巨,"334,610",574,583,3.26,785,5.37,,,,
紡織纖維,1455,集盛,"804,493","1,389",579,0.15,637,1.5,,,,
鋼鐵工業,2030,彰源,"383,684",664,578,1.97,"1,115",1.57,,V,,"1)本公司107年非擔任主管職務之全時員工薪資平均數578仟元/人,較106年551仟元/人增加5%。2)部份職務由外籍勞工擔任,107年佔總員工人數28%,故影響總平均薪資。"
電器電纜,1608,華榮,"239,056",414,577,-1.46,711,1.96,,,,
光電業,2349,錸德科技,"584,067","1,013",577,-1.01,816,1.04,,,,
半導體業,3189,景碩科技,"2,703,875","4,684",577,0.78,"1,228",7.24,,,,
汽車工業,1512,瑞利,"150,957",262,576,-0.94,707,5.02,,,,
光電業,3050,鈺德科技,"128,711",224,575,0.41,816,1.04,,,,
半導體業,4967,十銓,"150,623",262,575,3.04,"1,228",7.24,,,,
其他,2496,卓越成功,"20,130",35,575,7.18,780,3.69,,V,,因投入生產製造之作業員人數佔總人數45.7%，影響整體平均薪資水平。另107年營運方針以教育為主光纖為輔，於108年7月1日起調整產業類別。未來仍秉持企業永續經營精神，將經營績效回饋員工並提升員工福祉。
光電業,6131,悠克國際,"1,723",3,574,-8.4,816,1.04,,,,
建材營造,2528,皇普建設,"9,168",16,573,-0.4,783,1.81,,,,
鋼鐵工業,2069,運錩,"78,446",137,573,5.9,"1,115",1.57,,V,,1、公司雖已經營30多年，近10年員工人數才急速增加，員工平均年資較同業低，故薪資相對較低。2、107年公司獲利較佳，故會於108年做薪資調整。3、107年獲利主要來自非常態性的業外收入。
貿易百貨,2913,台灣農林,"146,331",256,572,-0.05,788,3.29,,,,
其他,8463,潤泰精材,"165,219",289,572,0.77,780,3.69,,,,
其他,9945,潤泰創新,"148,070",259,572,7.22,780,3.69,,V,,本公司獲利來源中，轉投資收益佔比較高，若排除此部分，獲利表現未優於同業。而量販事業受電商崛起，業績下滑致虧損，此部分人力較多，平均薪資不易拉升。本公司盡力改善量販營運績效，以回饋員工並提升員工福祉。
塑膠工業,1307,三芳化工,"545,669",956,571,0.76,"1,249",5.5,,,,
其他,9938,台灣百和,"566,495",992,571,4.57,780,3.69,,V,,"1.本公司107年度非擔任主管職務之全時員工年薪資平均數超過50萬元，惟因產業別為其它，難以找到同產業別作比較2為因應未來營運成長及持續強化競爭力，本公司於2019年1月起對全體同仁調整薪資月增加1,100元"
食品工業,1231,聯華食品,"964,750","1,693",570,3.26,776,2.53,,V,,非擔任主管職務之全時員工人數中將近7成為第一線生產作業人員，其中外籍同仁及給薪未滿12個月的員工合計又近4成，因此造成薪資平均數低於同業水準，本公司秉持共創價值、利潤分享之理念，持續優化同仁薪酬水準。
造紙工業,1903,士紙,"26,708",47,568,-0.64,739,1.25,,,,
玻璃陶瓷,1810,和成,"621,655","1,097",567,-0.18,587,0.17,,,,
半導體業,2481,強茂,"791,626","1,396",567,2.41,"1,228",7.24,,,,
電機機械,4540,全球傳動,"502,013",885,567,6.93,743,1.51,,V,,員工薪資平均數略低於同業水準，近二年積極擴充產線，導致新進員工較多，另協助青年就業，大舉進用無工作經驗之應屆畢業生，亦是整體薪資平均數較低之原因。預期未來員工薪資平均數將可逐漸趕上同業水準甚至超越。
其他電子業,3018,同開科技,"63,395",112,566,-2.17,"1,179",7.41,,,,
玻璃陶瓷,1806,冠軍,"386,706",684,565,-1.32,587,0.17,,,,
紡織纖維,1451,年興紡織,"379,490",672,565,2.03,637,1.5,,V,,"本公司非擔任主管職務之全時員工年薪平均數雖為565,000元， 但統計資料的人力結構中，工廠直接人工和外籍移工人數合計占比超過50%以上，因此導致平均年薪偏低。"
觀光事業,2704,國賓,"684,153","1,214",564,1.1,552,1.38,,,,
電器電纜,1616,億泰,"102,511",182,563,0.06,711,1.96,,,,
紡織纖維,1434,福懋興業,"1,825,179","3,248",562,2.82,637,1.5,,V,,"1.本公司薪酬採穩健政策，兼顧企業長期發展及員工生活保障。2.除了紡織生產製造外，本公司另有加油站，107年加油站1,143人佔總人數25%。因加油站屬服務業薪資較製造業低且人員流動率高，影響本公司平均工資水準。"
食品工業,1225,福懋油,"123,352",220,561,1.17,776,2.53,,,,
塑膠工業,1315,達新工業,"207,062",369,561,1.2,"1,249",5.5,,,,
紡織纖維,1419,新紡,"241,994",431,561,0.94,637,1.5,,,,
航運業,2611,志信,"24,065",43,560,0.29,"1,149",0.62,,,,
紡織纖維,1470,大統新創,"133,072",238,559,0.57,637,1.5,,,,
汽車工業,1533,車王電,"237,174",424,559,2.71,707,5.02,,V,,107年大陸孫公司、美國子公司皆有良好獲利，每股盈餘增加，但其員工並不含於此次計算。一般電機機械業資深技工較多薪資較高，而車王組裝線多，外勞直接人力占比20%；非經理人之全時員工薪資平均數較前一年度增加
塑膠工業,1323,永裕,"401,446",720,558,3.32,"1,249",5.5,,,,
光電業,2323,中環,"763,234","1,368",558,0.24,816,1.04,,,,
生技醫療業,3164,景岳生技,"71,437",128,558,1.78,674,1.42,,V,,"本公司107年度EPS1.78元高於同業係因處分子公司白木屋食品(股)公司股權之利益所致，該處分利益金額148,894千元，換算每股EPS為1.67元，扣除該處分利益後EPS為0.11元，並未較同業為佳。"
紡織纖維,1446,宏和,"24,413",44,555,-0.21,637,1.5,,,,
電器電纜,1618,合機公司,"132,152",238,555,-0.04,711,1.96,,,,
通信網路業,8011,台通,"125,958",227,555,0.01,"1,123",2.93,,,,
鋼鐵工業,2024,志聯工業,"99,180",179,554,0.77,"1,115",1.57,,,,
電子零組件業,2367,燿華,"2,657,355","4,795",554,1.06,785,5.37,,,,
建材營造,2543,皇昌營造,"381,826",691,553,-2.16,783,1.81,,,,
紡織纖維,1473,台南企業,"199,153",361,552,0.54,637,1.5,,,,
觀光事業,2739,寒舍餐旅,"886,957","1,608",552,1.02,552,1.38,,,,
其他,9944,新麗企業,"108,232",196,552,0.01,780,3.69,,,,
光電業,2426,鼎元,"382,937",696,550,1.79,816,1.04,,V,,1.107年度公司EPS含業外收入為1.79較同業佳，扣除業外收入後為0.55，獲利表現未高於同業平均。2.光電產業分類廣泛，本司為電子零組件產業，以台灣生產為主，生產人員佔總人數約63%，故薪資平均數並未高於同業水準。
航運業,2642,宅配通,"956,292","1,743",549,0.72,"1,149",0.62,,V,,路線貨運公會成員包括：統一速達、新竹物流、嘉里大榮、中連、通盈、祥億及我司。證交所類別與路線貨運公會有差異。我司員工以3.5頓貨車司機為主，市場行情年均薪資42~48萬，我司年均薪資54.9萬。
造紙工業,1902,台紙,"61,974",113,548,1.03,739,1.25,,,,
貿易百貨,8443,阿瘦,"325,218",594,548,0.23,788,3.29,,,,
其他,8473,山林水,"229,569",419,548,2.78,780,3.69,,,,
其他,1516,川飛,"2,733",5,547,0.51,780,3.69,,,,
光電業,6289,華上光電,"76,433",140,546,0.26,816,1.04,,,,
光電業,6278,台表科,"362,505",664,546,2.68,816,1.04,,V,,本公司非擔任主管職員工薪資低於同業，主因本公司在產業鏈中屬製造生產端，產線作業員比例大於同業，在人力結構不同的情況下非經理人之全時員工薪資低於同業。
化學工業,1727,中華化學,"124,754",229,545,0.9,795,1.75,,,,
鋼鐵工業,2012,春雨,"306,328",562,545,1.74,"1,115",1.57,,V,,春雨公司獲利大部分由國內外轉投資公司而來，因此若扣除轉投資獲利後，本公司非經理人之全時員工薪資平均數並無低於同業水準。
紡織纖維,1440,南紡,"989,405","1,821",543,0.65,637,1.5,,,,
紡織纖維,1410,南染,"45,569",84,542,1.44,637,1.5,,,,
電器電纜,1615,大山,"116,475",215,542,1.76,711,1.96,,,,
光電業,3149,正達國際,"346,980",640,542,-0.64,816,1.04,,,,
建材營造,5521,工信,"334,376",617,542,-0.2,783,1.81,,,,
電腦及週邊設備業,6117,迎廣科技,"330,203",609,542,-2.15,"1,200",2.73,,,,
其他,9924,台灣福興,"547,672","1,010",542,3.68,780,3.69,,,,
觀光事業,2727,王品,"1,782,045","3,294",541,4.52,552,1.38,,V,,1.107年獲利較106年減少24.8%，但員工整體調薪約5.2%2.公司每月淨利提撥固定比例回饋員工、及年度年終獎金；若淨利率達成率100%以上另增發年終獎金。
食品工業,1203,味王公司,"378,269",700,540,1.82,776,2.53,,,,
通信網路業,2485,兆赫電子,"598,258","1,112",538,0.93,"1,123",2.93,,,,
電機機械,4562,穎漢科技,"205,497",382,538,2.21,743,1.51,,V,,本公司為管件成型機專業製造廠，在高比率的廠內自製率下，所需中底階操作人員較多，年資相對較淺，致使平均薪資較同業微低，惟每年均以當年經營績效及員工年度工作績效作為調薪依據及獎金發放的主要依據。
半導體業,2302,麗正,"33,834",63,537,0.17,"1,228",7.24,,,,
鋼鐵工業,9958,世紀鋼構,"117,987",220,536,0.17,"1,115",1.57,,,,
紡織纖維,1463,強盛染整,"100,818",188,536,1.62,637,1.5,,V,,本公司EPS1.62中，來自於轉投資獲利為1.36元，來自本業僅0.26元，本業獲利未高於同業。轉投資獲利主要來自子公司餘屋銷售，非為常態性，尚無法反應於經常性薪資，故就目前公司經營績效與員工薪酬之關聯，應屬合理。
電子零組件業,3376,新日興,"852,383","1,589",536,6.67,785,5.37,,V,,本公司員工薪酬依「公司章程」「薪給管理辦法」「績效考核辦法」「員工升遷及調薪作業辦法」，依其對公司績效貢獻度，給予合理報酬，惟本公司直接人員佔全體員工比重超過64%，致本公司薪資平均數較低。
電子零組件業,6251,定穎電子,"373,874",699,535,-0.86,785,5.37,,,,
半導體業,8131,福懋科技,"1,280,952","2,394",535,3.21,"1,228",7.24,,,,
生技醫療業,1733,五鼎,"363,338",680,534,0.95,674,1.42,,,,
其他,2062,橋椿,"504,958",945,534,0.68,780,3.69,,,,
光電業,2406,國碩科技,"259,131",485,534,-4.21,816,1.04,,,,
其他電子業,3305,昇貿科技,"91,210",171,533,0.35,"1,179",7.41,,,,
食品工業,1219,福壽實業,"309,766",582,532,-0.03,776,2.53,,,,
塑膠工業,1324,地球工業,"133,120",250,532,0.02,"1,249",5.5,,,,
光電業,4956,光鋐,"241,161",454,531,-0.77,816,1.04,,,,
電機機械,1540,喬福機械,"47,170",89,530,1.59,743,1.51,,V,,皆依每年度盈餘提列員工分紅
電機機械,1526,日馳,"82,436",156,528,2.69,743,1.51,,V,,符合區域性薪資水準，日後會再參考同業公司平均薪資水準作為員工聘用及調薪基準。
食品工業,1233,天仁,"499,903",951,526,1.93,776,2.53,,,,
其他,9955,佳龍,"37,872",72,526,-2.62,780,3.69,,,,
光電業,3038,全台,"427,962",817,524,0.71,816,1.04,,,,
觀光事業,5706,鳳凰旅遊,"112,198",214,524,2.72,552,1.38,,V,,本公司與同業平均數差異不大，主要係因員工人力結構以年資淺之員工居多，起薪較低，故將非擔任主管之全時員工平均薪資拉低。
半導體業,8110,華東,"1,256,122","2,404",523,0.78,"1,228",7.24,,,,
汽車工業,2497,怡利電子,"260,654",499,522,-1.95,707,5.02,,,,
光電業,6405,悅城科技,"206,323",395,522,0.09,816,1.04,,,,
紡織纖維,1464,得力實業,"408,576",784,521,0.61,637,1.5,,,,
紡織纖維,1443,立益紡織,"36,942",71,520,-2.38,637,1.5,,,,
紡織纖維,1460,宏遠,"946,098","1,820",520,0.33,637,1.5,,,,
電子零組件業,2484,希華,"340,121",654,520,1.63,785,5.37,,,,
貿易百貨,2906,高林實,"69,725",134,520,0.17,788,3.29,,,,
電子零組件業,4545,銘鈺,"294,432",566,520,-0.74,785,5.37,,,,
其他,9919,康那香,"287,536",553,520,-0.08,780,3.69,,,,
電器電纜,1611,中電,"147,782",285,519,0.17,711,1.96,,,,
電機機械,8222,寶一科技,"123,434",238,519,0.7,743,1.51,,,,
電機機械,1515,力山,"283,403",546,519,2.2,743,1.51,,V,,公司經營績效與員工薪酬之關聯性1. 本公司薪資調薪幅度會依據前一年公司經營績效進行調整。2. 108年因應107年度公司經營績效，於108年3月已進行調整薪資幅度5%。
電機機械,1529,樂士,"17,621",34,518,0.71,743,1.51,,,,
電子零組件業,6141,柏承科技,"206,188",398,518,-0.68,785,5.37,,,,
觀光事業,9943,好樂迪,"470,421",909,518,6.06,552,1.38,,V,,人力結構以服務生為主，高達九成，進入門檻容易，無學歷及經驗的要求，65%為高中(含)以下學歷。惟基層人員流動率高，未達一年年資者佔23%，影響各項獎金之領取，綜上原因，造成整體薪資平均數偏低。
電機機械,1538,正峰新,"52,236",101,517,-1.77,743,1.51,,,,
紡織纖維,1447,力鵬,"676,105","1,311",516,0.19,637,1.5,,,,
鋼鐵工業,2022,聚亨,"58,321",113,516,-0.11,"1,115",1.57,,,,
橡膠工業,2102,泰豐輪胎,"586,947","1,138",516,-2.67,632,1.17,,,,
光電業,2438,翔耀實業,"13,933",27,516,0.09,816,1.04,,,,
光電業,3051,力特光電,"303,203",588,516,-0.32,816,1.04,,,,
紡織纖維,1444,力麗,"600,688","1,167",515,0.44,637,1.5,,,,
塑膠工業,4306,炎洲,"188,130",365,515,1.11,"1,249",5.5,,,,
紡織纖維,1474,弘裕,"244,595",476,514,0.87,637,1.5,,,,
鋼鐵工業,2038,海光企業,"215,395",420,513,-1.09,"1,115",1.57,,,,
橡膠工業,2106,建大,"936,000","1,824",513,0.79,632,1.17,,,,
半導體業,2369,菱生,"1,205,374","2,348",513,-0.55,"1,228",7.24,,,,
汽車工業,6605,帝寶工業,"1,569,583","3,062",513,5.66,707,5.02,,V,,"1.本公司自製生產比例高達97%以上,僱用人數相對較同業高。2.國內招募基層員工不易需搭配任用外籍員工;基於自行培育本產業技術人才與高職端建教合作,外籍及建教合作生共768位,佔總員工比24.3%,於平均薪資有直接影響。"
鋼鐵工業,2008,高興昌,"111,005",217,512,-0.88,"1,115",1.57,,,,
資訊服務業,4994,傳奇,"297,347",581,512,-2.6,879,2.13,,,,
紡織纖維,1467,南緯實業,"176,607",346,510,-0.29,637,1.5,,,,
橡膠工業,2114,鑫永銓,"55,083",108,510,5.85,632,1.17,,V,,"本公司此薪資水平在南投地區已屬中上所得,本公司近年為謀求企業永續經營,讓員工有更好的工作環境,以盈餘致力發展新事業、投資智動化生產、興建研發大樓與廠房，此投資與福利遠優於同業,是除了薪資以外之非薪資所得。"
生技醫療業,4737,華廣,"406,556",797,510,2.23,674,1.42,,V,,因應公司經營策略，持續投入創新產品開發與IOT發展，延攬研發人才與產能需求增聘員工，致新進人員(未滿年)比例高達16%，並因建置在地化生產基地，製造人力占全體人數約65%，高於同業占比，致全體平均年薪低於同業.
其他,6464,台數科,"20,868",41,509,5.21,780,3.69,,V,,本公司因獲利表現較同業為佳，惟員工薪資平均數低於同業水準；透過此次薪酬揭露訊息，公司有機會了解整體市場狀況，未來將對整體經營績效與員工報酬結合，增進員工福利、促進勞資雙贏，落實公司治理與企業社會責任。
紡織纖維,1466,聚隆,"219,131",431,508,-0.94,637,1.5,,,,
生技醫療業,1734,杏輝藥品,"365,972",721,508,0.05,674,1.42,,,,
電子零組件業,6155,鈞寶,"123,953",244,508,1.48,785,5.37,,,,
紡織纖維,1417,嘉裕,"132,945",262,507,-0.61,637,1.5,,,,
電子零組件業,2316,楠梓電,"839,857","1,656",507,1.34,785,5.37,,,,
鋼鐵工業,2032,新鋼工業,"91,608",181,506,0.13,"1,115",1.57,,,,
光電業,3383,新世紀,"207,610",410,506,-1.11,816,1.04,,,,
電子零組件業,6108,競國實業,"324,987",642,506,3.47,785,5.37,,,,
水泥工業,1108,幸福水泥,"211,597",420,504,-0.44,862,3.29,,,,
紡織纖維,1414,東和,"113,437",225,504,0.17,637,1.5,,,,
鋼鐵工業,2009,第一伸銅,"126,641",252,503,0.24,"1,115",1.57,,,,
塑膠工業,1325,恒大,"62,794",125,502,0.7,"1,249",5.5,,,,
汽車工業,2228,劍麟,"205,757",410,502,6.63,707,5.02,,V,,一.107年度獲利主要歸功於海外子公司。二.合理性：每年參考物價指數、外部薪資調查，檢視薪等表市場定位；近10年平均調薪幅度超過3 %。三.關聯性：每年視經營績效，經董事會決議調薪幅度與年終獎金。
電子零組件業,2460,建通精密,"66,567",133,501,-0.53,785,5.37,,,,
半導體業,2434,統懋,"64,485",129,500,-2.56,"1,228",7.24,,,,
橡膠工業,2109,華豐橡膠,"403,639",810,498,-0.76,632,1.17,V,,,1.營利下滑，生產力降低。2.從業員有計件薪酬，無確定金額。
紡織纖維,1454,台富,"203,763",410,497,0.15,637,1.5,V,,,公司經營績效稅前盈餘較106年度減少，故年終獎金及員工紅利均減少
其他,9942,茂順,"478,499",965,496,5.28,780,3.69,V,V,,關聯性 : 依據本公司章程第28條：本公司年度如有獲利應提撥不低於3﹪為員工酬勞。本公司地處南投、屬傳統製造業且產線同仁比例近八成，每年會依據政府法令與個人績效表現調薪，並經薪資調查給予同仁合理的薪酬。
電腦及週邊設備業,6128,上福全球,"227,096",460,494,0.36,"1,200",2.73,V,,,1.本公司有技術可以自主開發產品，但產品組裝需要很多基層作業人員，其人數佔比過一半。2.本公司獎金及員工酬勞之提撥為自結稅前淨利依獲利比例分派。由於107年公司獲利為近五年最低，故整體薪資亦較低。
紡織纖維,1465,偉全實業,"82,376",167,493,-0.12,637,1.5,V,,,本公司為長纖織布廠，其薪資組成主要為產線作業員(占申報人數80%)。依據104人力銀行統計資料顯示，作業員平均薪資為333仟元，另因本公司107年度虧損故影響薪酬水準。
電子零組件業,2483,百容,"266,807",541,493,1.5,785,5.37,V,,,"本公司於台灣設置三個生產基地,由於產品生產線人力之需求,107年度任職滿六個月以上之外籍員工達126人,外籍員工薪資低於員工平均薪資,以致整體員工平均薪資降低."
汽車工業,1568,倉佑,"307,245",626,491,0.92,707,5.02,V,,,本公司107年度的營運目標未達成，導致相關的變動薪資如:加班費和獎金等減少所致，然本公司亦於107年度5月份，針對全體員工進行調薪，調薪幅度約 4.3%，故本公司無薪資費用與經營績效不相當的情況發生。
觀光事業,2748,雲品,"218,864",446,491,3.22,552,1.38,V,V,,本公司營收以餐飲為主，餐飲服務人員流動性高，具經驗之資深員工較少所致。
半導體業,5285,界霖,"138,089",281,491,4.54,"1,228",7.24,V,,,本公司107年度獲利大部份來自海外子公司之投資利益，而國內員工獎金係依國內本廠經營績效成果作發放基礎。業經本公司評估經營績效與員工薪酬息息相關且尚屬合理。
化學工業,1732,毛寶,"71,954",147,489,0.16,795,1.75,V,,,近幾年公司經營狀況雖未達成公司設定的目標，但均有微幅調整員工薪酬。
其他,2358,廷鑫,"51,364",105,489,0.77,780,3.69,V,,,因公司目前尚在彌補虧損階段，待有獲利，再重新調整薪資結構。
鋼鐵工業,2025,千興,"52,752",108,488,-1.83,"1,115",1.57,V,,,公司尚有累積虧損，但107年薪資調整幅度約5.63%
其他,9929,秋雨,"105,346",216,488,0.32,780,3.69,V,,,"公司屬印刷製造業,工廠增額5%雇用藍領外勞,107年度外勞計43人,支薪月數與人數比率約佔全公司19%,影響整體薪資平均值減降,造成平均數未達50萬元.108年度優化人力,減少外勞雇用,目前估計可提升薪資平均數達50萬以上."
紡織纖維,1445,大宇紡織,"181,193",372,487,-0.17,637,1.5,V,,,"本公司年終獎金給付依據該年度營業績效發放，依公司章程第25條，營業年度如有獲利，提撥2%為員工酬勞。因107年度稅前淨損35,465仟元，依規定107年度年終獎金發放減少以及員工酬勞為0。"
電機機械,1539,巨庭機械,"75,932",156,487,5.07,743,1.51,V,V,,本公司從事DIY木工機械ODM、OEM之生產，107年非部門主管之員工約有156人，其中外勞及馬達廠現場人員佔非部門主管員工約三分之一，這些人從事較非技術性工作，因此薪資較低進而拉低了本公司整體平均薪資。
電子零組件業,3321,同泰電子,"309,698",636,487,-3.84,785,5.37,V,,,本公司非擔任主管職務之員工(年度)薪資平均數約48.7萬元，與主管機關訂定篩選條件年度平均薪資要達50萬元，僅差額約1.3萬元，主因107年度本公司為虧損，故除發放經常性薪資，非經常性薪資發放之基數較少所致。
光電業,6443,元晶,"603,326","1,251",482,-2.54,816,1.04,V,,,公司以製造業為主，大都為四班二輪之輪班制員工，現場技術員人佔全公司六成的人數。因去年度產業變化衝擊影響，輪班制（做二休二）的同仁（工作15天，休息15天）平日加班機會不多，導致薪資金額未達50萬。
食品工業,1220,台榮,"101,477",211,481,0.53,776,2.53,V,,,"本公司為飼料及食品製造業,生產設備多半自動化,另有部分較屬勞力密集,工作性質單純,因此多半雇用學歷在高中職或以下之員工,佔比約63%.而本公司近年陸續有為員工調整薪資,並發放年終獎金,提升員工福祉."
紡織纖維,1423,利華羊毛,"43,171",90,480,0.64,637,1.5,V,,,本公司屬紡織基礎工業，部分較辛勞的作業有聘用外籍勞工的需求，人數占非擔任主管職務之全時員工約為15-20%，其薪酬水準相較本國一般勞工而言會略為偏低。
電機機械,1506,正道,"164,246",343,479,-0.95,743,1.51,V,,,目前正道屬非擔任主管職務之全時員工(年度)薪資平均數未達50萬元範疇，未來將依據依獲利情形加薪調薪
鋼鐵工業,2033,佳大世界,"62,289",130,479,0.15,"1,115",1.57,V,,,本公司薪資一向優於政府法規，但礙於獲利(產品別與同業不盡相同)，致無法與一般同業相比，日後公司將秉持照顧員工初衷，持續加強公司競爭力，增進公司獲利率，將利潤分享員工，給員工更好薪資及福利。
紡織纖維,4426,利勤實業,"315,446",659,479,2.07,637,1.5,V,V,,"本企業為一傳統紡織產業,秉持穩健經營的態度,因位處於雲林農業首都,就業人口外移,人才招募不易,故外籍勞工所佔之人數稍多,達20~30%；因外籍勞工薪資政策之獨特性因素，故影響本公司整體薪資平均計算均值。"
其他電子業,3043,科風,"98,505",206,478,-0.01,"1,179",7.41,V,,,"因營業規模縮小,故獎金以及紅利金額減少,踏實穩健的經營,為公司奠定堅定獲利基礎,提升員工工作績效,予以公平、合理的薪酬,可以吸引、留住優秀人才,"
光電業,4976,佳凌,"439,057",922,476,0.44,816,1.04,V,,,本公司未於海外設廠‧產線員工相較多，且逢產業轉型，公司經營績效與員工薪酬之關聯尚屬合理。
電子零組件業,3229,晟鈦,"110,979",234,474,-0.77,785,5.37,V,,,本公司因工廠產線環境老舊，自107年度起進行工廠整改作業，致產能未達經濟規模，本公司為撙節開支在人力招聘與各項費用皆以嚴謹態度處置，另本國及外勞結構比例為85%：15%，單以本國勞工年平均薪資計算約為50萬元。
半導體業,6552,易華電,"273,157",576,474,2.2,"1,228",7.24,V,,,係本公司人力結構上雇用較多外籍勞工擔任直接人員所致
紡織纖維,1418,東華,"80,454",170,473,-4.01,637,1.5,V,,,本公司近年遇產業極地困境致經營績效差，雖多年未調薪但也從未降薪，亦未因薪資問題發生勞資糾紛。本公司去年開始進行資產活化，期能改善財務狀況，加強增進員工福利，俾落實公司治理。
生技醫療業,1598,岱宇國際,"309,941",656,472,1.2,674,1.42,V,,,本公司從事健身器材之研發、生產與銷售，工廠位於彰化縣，由於生產人力需求較高，以致非經理人之全時員工薪資平均數未達50萬元。本公司衡量整體營運狀況及工作績效審定員工薪酬，並藉由多元的福利措施留任人才。
光電業,2499,東貝光電,"414,707",880,471,0.19,816,1.04,V,,,非經理人之全時員工(年度)薪資平均數未達50萬元主係因107年度外籍員工較多且流動率較高所致。
觀光事業,2705,六福,"655,683","1,399",469,-3.87,552,1.38,V,,,近年集團整體營運尚屬虧損狀態，故除法令要求及績效調薪外無法全面調薪外，連帶影響年終發放及福利給予能力，另離職率偏高，新人進用及建教生/實習生補充運用比率提升，致整體(年度)薪資平均數較低。
電機機械,4555,台灣氣立,"100,271",214,469,2.49,743,1.51,V,V,,1.我們公司地處於新北市泰山區，屬於基層機械產業，不需要大量高端技術人員。2.近年持續與學校進行產學合作，因此實習生及替代役拉低總體平均。
通信網路業,2444,兆勁,"231,012",494,468,-0.96,"1,123",2.93,V,,,"因107年在被動元件缺料狀況下無法齊料生產,導致營收下降發生虧損,減少獎金發放,使非擔任主管職務之全時員工(年度)薪資平均數未達50萬,另外勞人力約佔總員工數26%,其薪資本原就較低,相對影響統計後之平均薪資."
半導體業,2329,華泰電子,"2,456,224","5,265",467,-0.2,"1,228",7.24,V,,,由於本公司在民國98年後連年虧損，雖於民國103年開始有所獲利，但在民國106年及107年仍因受記憶體晶片持續嚴重缺料因素影響，產生稅後虧損。故本公司尚未能針對員工加薪幅度之調升提供多餘的空間。
汽車工業,1339,昭輝,"145,969",313,466,4.15,707,5.02,V,,,"1.公司加權平均人數313人，移工約佔總人數1/3，因移工平均薪資較低，使整體平均薪資降低。2.本國人加權平均人數212人，本國人年薪資平均數506,379元。3.移工加權平均人數101人，移工年薪資平均數386,164元。"
鋼鐵工業,2017,官田鋼,"185,115",397,466,0.51,"1,115",1.57,V,,,1.本公司屬鋼鐵產業，部分較辛苦之職務由外籍勞工擔任之。目前外籍員工佔總員工人數26%，故影響本公司總平均薪資。2.107年度因產量因素，員工加班時數下降，加班費及生產獎金減少，影響平均薪資。
光電業,6477,安集,"113,821",244,466,2.42,816,1.04,V,V,,105年景氣衰退營運出現虧損，106年景氣復甦獲利回穩，薪資已逐步調整，比對106及107年年均薪資，薪資調幅達8%，本年度亦有調薪計劃；另因員工平均年資較淺約4.8年及平均年齡較輕約34歲，故對年均薪資計算影響大
貿易百貨,2911,麗嬰房,"426,002",926,460,-0.45,788,3.29,V,,,1公司屬勞力密集零售服務業，店櫃銷售人員佔比高達70%。2基層人員薪資結構為固定薪+獎金+加班費，固定薪資佔70%與市場結構相當。3依經營績效發放業績獎金，107年度營運虧損無員工酬勞，業績獎金及年終獎金有限。
食品工業,1236,宏亞食品,"307,182",671,458,0.12,776,2.53,V,,,"107年度公司經營績效未達預期目標,故發放的獎金數減少，影響員工薪酬。"
紡織纖維,1459,聯發紡織,"108,146",236,458,-1.18,637,1.5,V,,,員工薪酬除固定薪資外，另依本公司章程規定年度如有獲利應提撥1.5%作為員工酬勞(提撥前應先彌補累積虧損)以及每年度依公司經營狀況發放年終獎金。107年度為虧損年度故無發放員工酬勞並減發部分年終獎金。
電器電纜,1614,三洋電,"443,709",974,456,0.78,711,1.96,V,,,公司為根留台灣，產品自製生產線人力以外勞填補。另為善盡企業責任，任用技術生鼓勵回廠，但受法規限制無法加班。上述人員僅領基本工資，剔除後平均數為48萬。本公司人力學歷結構，學歷高中職以下員工佔比高所致。
觀光事業,8940,新天地,"194,357",427,455,-0.51,552,1.38,V,,,餐飲業以服務為本體，直(間)接服務員人數佔比高，相應主任以下人員數亦高，而對比中高管理階層人數佔比較低，平均薪資自然趨向人力結構分布。
電子零組件業,2413,環科,"265,383",584,454,0.05,785,5.37,V,,,本公司非擔任主管職務之全時員工人力結構：作業員28%、助理職33%、管理&工程職22％，非擔任台財證三字第920001301號函令規定經理人之主管職人數為17%；作業員與助理職佔全公司人數達61%，本公司屬勞力密集產業。
油電燃氣業,9937,全國,"425,562",938,454,2.38,"1,170",5.48,V,,,上市油電燃氣業無經營型態同本公司為專營加油站業者，其人員結構多屬月薪制。因行業特性，本公司員工多為現場服務人員，部分工時及月薪加油員佔全體人數2/3，平均薪資水準因而低於同業，然與上櫃加油站同業相當。
光電業,6209,今國光學,"330,440",729,453,-0.45,816,1.04,V,,,"1.本公司因近年進行產品結構轉型,因未獲利故無員工分紅2.台灣勞工招募不易且不願意上夜班輪班,故使用相當高比例的移工3.本公司已響應政府政策,近年來每年員工調薪幅度平均為3%以上"
食品工業,1213,大飲,"50,085",111,451,-1.1,776,2.53,V,,,公司員工多為生產線員工，管理組織也為扁平式組織，扣除主管人員後即為基層員工，目前並不清楚同業薪資，因此無從了解與同業差距。員工每年視法定基本薪資調整，依比例調整薪資，並依生產效能及營業狀況發三節獎金。
電機機械,1517,利奇機械,"238,421",530,450,0.41,743,1.51,V,,,本公司考量營運人力需求， 人力結構配置上以生產人員占比居多，另因員工酬勞依章程規定依當年度稅前淨利分派，惟因本年度營運績效未達預期，其分派金額因應調整；故員工薪酬狀況因應經營狀況及人力結構等因素調整。
紡織纖維,1453,大將,"6,269",14,448,3.74,637,1.5,V,V,,"本公司107年EPS為3.74元，獲利佳係處分紡紗廠土地廠房，使處分利益增加362,534仟元。若扣除處分利益，本業經營屬虧損狀態，營業收入28,277仟元，營業虧損39,917仟元。故107年員工薪酬與公司本業獲利表現應屬合理。"
電腦及週邊設備業,4916,事欣科,"37,636",84,448,3.06,"1,200",2.73,V,V,,"整體員工之年平均所得之所以未達 50萬元，係因直接員工人數為職員之2倍，本公司於107年營收獲利皆於同業之上,雖未及時將營收獲利分享與全體員工，本公司將於108年重新規劃整體員工之福利及薪資制度以期符合標準。"
紡織纖維,1472,三洋紡,"55,251",124,446,-1.59,637,1.5,V,,,本公司長期營運績效不佳，尚處虧損，暫無薪資調整計畫，惟本公司之薪資福利政策優於勞基法之規範。
光電業,2491,吉祥全,"3,113",7,445,-0.41,816,1.04,V,,,本公司目前所屬產業競爭加速，致市場成長面臨挑戰，整體經營環境仍具艱辛，截至107年底尚有待彌補虧損，故非擔任主管職務之全時員工年度薪資平均數未達主管機關之要求，將考量未來產業營運轉型情況適時調整之。
紡織纖維,1449,佳和實業,"343,494",785,438,-0.85,637,1.5,V,,,公司因長期虧損，因此年終獎金及績效獎金發放減少，故影響員工薪資總額。公司正朝本業轉型及積極土地開發來改善公司營運，待營運獲利後會增加年終獎金及績效獎金及員工紅利之發放。
汽車工業,1587,吉茂,"84,746",194,437,0.6,707,5.02,V,,,本公司地處偏鄉，人才要求不易致外籍員工人數較高拉低平均薪資，且對個人的學經歷及技能要求無法提高，僅能於就職過程中予以訓練及培養，雖無法達到規定金額仍盡力提高員工所得。
紡織纖維,1456,怡華,"24,870",57,436,0.13,637,1.5,V,,,非經理人之全時員工薪資平均數未達50萬元說明：本公司有紡織部及不動產部，紡織部主要員工在台南，107年紡織部毛利率4%，其平均薪資42萬元；不動產部主要員工在台北，107年不動產部毛利率18%，其平均薪資55萬元。
觀光事業,2712,遠雄來,"125,981",292,431,-0.3,552,1.38,V,,,"1.員工核薪依據公司薪資架構級距核訂2.飯店產業人力為基層員工居多,佔公司人數半數以上3.每年任用實習生約有40位,其薪資為法定薪資,亦會拉低均薪4.去年公司虧損,為照顧同仁,虧損狀態仍平均發給1個月的年終獎金"
電機機械,1541,錩泰,"169,822",397,428,1,743,1.51,V,,,"本公司為電動工具機產品之製造銷售，屬勞力密集之產業，且生產製造皆在台灣。全時員工人數397人中聘雇外籍勞工111人(107年之每月最低薪資標準為22,000元)，比例佔28%，以維持產業的競爭力，故拉低了整體薪資平均數。"
觀光事業,2701,萬企,"8,131",19,428,0.73,552,1.38,V,,,本公司營收來自租賃及育樂，租賃之招商、訂定係主管之職責，而育樂收入係受院線片強檔卡司陣容等因素影響。非主管之員工多從事一般事務工作，除有固定薪資保障外，並享有年終獎金、退休金、勞健保等一般員工福利。
其他,1435,中福國際,"3,795",9,422,-0.1,780,3.69,V,,,因人力結構的需求，107年第三季末及第四季增加1/3員工量，員工數年末增加，計算以全年度員工數及薪資數總額計之拉低了平均數。
建材營造,1438,裕豐,840,2,420,-0.12,783,1.81,V,,,主要原因為公司近年尚未籌措推案，以致無法彰顯公司經營績效。
觀光事業,2706,第一店,"15,865",38,418,0.86,552,1.38,V,,,本公司營業收入來自租賃及旅遊，租賃之作業由主管負責，旅遊收入係受大環境及政府政策推動所影響。本公司非主管員工係從事一般基本工作，除有固定薪資保障，並享有津貼、員工酬勞、退休金、勞健保等福利。
紡織纖維,1468,昶和纖維,"31,873",78,409,0.24,637,1.5,V,,,"本公司近年為二度就業人士,此部分員工均非專業技能人員；工作內容於協助工廠生產線之助手，而此員工薪資按一般人員薪資給付依符合規定,另外一部分員工為依法顧用外籍勞工,因上述人員薪資降低了本公司整體薪資配置。"
貿易百貨,2915,潤泰全球,"353,680",866,408,13.55,788,3.29,V,V,,"本公司獲利中轉投資收益佔比較高,若排除轉投資收益則獲利未能優於同業;又所營紡織廠及量販店等屬人力需求較高行業,因受景氣等因素的影響經營績效不佳,員工薪酬亦受影響。本公司將盡力提升營運績效,增進員工福祉。"
其他,9935,慶豐富,"150,653",370,407,1.43,780,3.69,V,,,本公司非擔任主管職務之全時員工人數370人，其中領取基本工資之外勞人數約占1/4，拉低了員工平均所得。
電子零組件業,2429,銘旺科,"21,477",54,398,-0.45,785,5.37,V,,,本公司非擔任主管職務之全時員工(年度)薪資平均數未達50萬元，係因整體經營環境不佳，雖有發放年終獎金，但因接單量未明顯上升，員工無需加班，故員工平均薪資未達50萬元。
觀光事業,2702,華園,"34,347",89,386,2.08,552,1.38,V,V,,依據106年工業及服務業受僱員工全年總薪資中位數及分布統計結果，住宿及餐飲業全年總薪資中位數35萬，107年度非擔任主管職務之全時員工(年度)薪資平均數38.6萬，平均每月約3.2萬元，優於法定最低工資。
觀光事業,2722,夏都,"156,832",430,365,0.19,552,1.38,V,,,"本公司為一般旅館業及餐館業,著重現場服務品質及配合政府推行建教合作,偏重於基層服人員較多,故薪資平均數較低.107年度本公司新增營運據點及合併子公司,合併公司淨利較去年同期減少,故每股盈餘較去年同期減少。"
食品工業,1235,興泰,"8,890",26,342,1.25,776,2.53,V,,,1.本公司是成立40多年的老廠，老員工已相繼退休，目前員工為年資較淺之新員工，薪資不若已退休之老員工。2.公司獲利高於同業水準，然獲利原因為業外投資收益(股利及權益法投資收益）所致，本業實則處於虧損狀態。